-----------------------------------------------------------------------------------------------
-- USER
-----------------------------------------------------------------------------------------------
INSERT INTO "user" ("profile", "phone", "email", "password", "user_type")
VALUES 
    ('Ana Pérez', '2222222222', 'ana_perez@gmail.com', 'pppppppp', 'professional'),
    ('Luis Gómez', '3333333333', 'luis_gomez@gmail.com', 'pppppppp', 'professional'),
    ('Carlos López', '4444444444', 'carlos_lopez@gmail.com', 'pppppppp', 'professional'),
    ('María Hernández', '5555555555', 'maria_hernandez@gmail.com', 'pppppppp', 'professional'),
    ('José Martínez', '6666666666', 'jose_martinez@gmail.com', 'pppppppp', 'professional'),
    ('Laura Sánchez', '7777777777', 'laura_sanchez@gmail.com', 'pppppppp', 'professional'),
    ('Pedro Torres', '8888888888', 'pedro_torres@gmail.com', 'pppppppp', 'professional'),
    ('Clara Díaz', '9999999999', 'clara_diaz@gmail.com', 'pppppppp', 'professional'),
    ('Juan Castillo', '1010101010', 'juan_castillo@gmail.com', 'pppppppp', 'professional'),
    ('Marta Romero', '1212121212', 'marta_romero@gmail.com', 'pppppppp', 'professional'),
    ('Raúl García', '1313131313', 'raul_garcia@gmail.com', 'pppppppp', 'professional'),
    ('Sofía Moreno', '1414141414', 'sofia_moreno@gmail.com', 'pppppppp', 'professional'),
    ('Andrés Álvarez', '1515151515', 'andres_alvarez@gmail.com', 'pppppppp', 'professional'),
    ('Lucía Vargas', '1616161616', 'lucia_vargas@gmail.com', 'pppppppp', 'professional'),
    ('Ricardo Silva', '1717171717', 'ricardo_silva@gmail.com', 'pppppppp', 'professional'),
    ('Paula Ruiz', '1818181818', 'paula_ruiz@gmail.com', 'pppppppp', 'professional'),
    ('Fernando Jiménez', '1919191919', 'fernando_jimenez@gmail.com', 'pppppppp', 'professional'),
    ('Natalia Moreno', '2020202020', 'natalia_moreno@gmail.com', 'pppppppp', 'professional'),
    ('Diego Castro', '2121212121', 'diego_castro@gmail.com', 'pppppppp', 'professional'),
    ('Carmen Cruz', '2223232323', 'carmen_cruz@gmail.com', 'pppppppp', 'professional'),
    ('Pablo Herrera', '2324242424', 'pablo_herrera@gmail.com', 'pppppppp', 'professional'),
    ('Beatriz Ortiz', '2425252525', 'beatriz_ortiz@gmail.com', 'pppppppp', 'professional'),
    ('Jorge Flores', '2526262626', 'jorge_flores@gmail.com', 'pppppppp', 'professional'),
    ('Patricia León', '2627272727', 'patricia_leon@gmail.com', 'pppppppp', 'professional'),
    ('Gonzalo Soto', '2728282828', 'gonzalo_soto@gmail.com', 'pppppppp', 'professional'),
    ('Isabel Ramos', '2829292929', 'isabel_ramos@gmail.com', 'pppppppp', 'professional'),
    ('Álvaro Benítez', '2929293030', 'alvaro_benitez@gmail.com', 'pppppppp', 'professional'),
    ('Monica Reyes', '3031313131', 'monica_reyes@gmail.com', 'pppppppp', 'professional'),
    ('Rodrigo Castillo', '3132323232', 'rodrigo_castillo@gmail.com', 'pppppppp', 'professional'),
    ('Valeria Soto', '3233333333', 'valeria_soto@gmail.com', 'pppppppp', 'professional'),
    ('Miguel Acosta', '3334343434', 'miguel_acosta@gmail.com', 'pppppppp', 'client'),
    ('Elena Molina', '3435353535', 'elena_molina@gmail.com', 'pppppppp', 'client'),
    ('Fabián Blanco', '3536363636', 'fabian_blanco@gmail.com', 'pppppppp', 'client'),
    ('Sara Aguilar', '3637373737', 'sara_aguilar@gmail.com', 'pppppppp', 'client'),
    ('David Ibáñez', '3738383838', 'david_ibanez@gmail.com', 'pppppppp', 'client'),
    ('Miriam Rojas', '3839393939', 'miriam_rojas@gmail.com', 'pppppppp', 'client'),
    ('Rafael Vargas', '3939394040', 'rafael_vargas@gmail.com', 'pppppppp', 'client'),
    ('Cristina Gil', '4040414141', 'cristina_gil@gmail.com', 'pppppppp', 'client'),
    ('Santiago Campos', '4142424242', 'santiago_campos@gmail.com', 'pppppppp', 'client'),
    ('Verónica Fuentes', '4243434343', 'veronica_fuentes@gmail.com', 'pppppppp', 'client'),
    ('Ernesto Calderón', '4344444444', 'ernesto_calderon@gmail.com', 'pppppppp', 'client'),
    ('Alicia Miranda', '4445454545', 'alicia_miranda@gmail.com', 'pppppppp', 'client'),
    ('Iván Peña', '4546464646', 'ivan_pena@gmail.com', 'pppppppp', 'client'),
    ('Gabriela Vega', '4647474747', 'gabriela_vega@gmail.com', 'pppppppp', 'client'),
    ('Javier Castro', '4748484848', 'javier_castro@gmail.com', 'pppppppp', 'client'),
    ('Laura Espinoza', '4849494949', 'laura_espinoza@gmail.com', 'pppppppp', 'client'),
    ('Manuel Serrano', '4949495050', 'manuel_serrano@gmail.com', 'pppppppp', 'client'),
    ('Silvia Navas', '5050505151', 'silvia_navas@gmail.com', 'pppppppp', 'client'),
    ('Cristian Muñoz', '5151525252', 'cristian_munoz@gmail.com', 'pppppppp', 'client'),
    ('Daniela Reyes', '5252535353', 'daniela_reyes@gmail.com', 'pppppppp', 'client');


-----------------------------------------------------------------------------------------------
-- CLIENT
-----------------------------------------------------------------------------------------------
INSERT INTO "client" ("client_fk", "client_id", "name", "last_name", "gender", "is_admin")
VALUES 
    (null, 31, 'Ana', 'Pérez', 'F', true),
    (31, 35, 'Jose', 'Martinez', 'M', false),
    (31, 36, 'Laura', 'Sánchez', 'F', false),
    (31, 37, 'Pedro', 'Torres', 'M', false),
    (31, 38, 'Clara', 'Díaz', 'F', false),
    (null, 32, 'Luis', 'Gómez', 'M', true),
    (32, 39, 'Juan', 'Castillo', 'M', false),
    (32, 40, 'Marta', 'Romero', 'F', false),
    (32, 41, 'Raúl', 'García', 'M', false),
    (32, 42, 'Sofía', 'Moreno', 'F', false),
    (null, 33, 'Carlos', 'López', 'M', true),
    (33, 43, 'Andrés', 'Álvarez', 'M', false),
    (33, 44, 'Lucía', 'Vargas', 'F', false),
    (33, 45, 'Ricardo', 'Silva', 'M', false),
    (33, 46, 'Paula', 'Ruiz', 'F', false),
    (null, 34, 'María', 'Hernández', 'F', true),
    (34, 47, 'Fernando', 'Jiménez', 'M', false),
    (34, 48, 'Natalia', 'Moreno', 'F', false),
    (34, 49, 'Diego', 'Castro', 'M', false),
    (34, 50, 'Carmen', 'Cruz', 'F', false);


-----------------------------------------------------------------------------------------------
-- PROFESSIONAL
-----------------------------------------------------------------------------------------------
INSERT INTO "professional" ("professional_id", "name", "last_name", "gender", "cuit", "fiscal_status", "birthdate", "bank", "bank_account", "cbu", "alias")
VALUES 
    (1, 'Pablo', 'Herrera', 'M', '11111111111', 'monotributista', '1975-05-15', 'Banco Santander', '123456789', '123456789', 'alias1'),
    (2, 'Beatriz', 'Ortiz', 'F', '22222222222', 'monotributista', '1980-05-15', 'Banco Santander', '123456789', '123456789', 'alias2'),
    (3, 'Jorge', 'Flores', 'M', '33333333333', 'monotributista', '1985-05-15', 'Banco Santander', '123456789', '123456789', 'alias3'),
    (4, 'Patricia', 'León', 'F', '44444444444', 'monotributista', '1990-05-15', 'Banco Santander', '123456789', '123456789', 'alias4'),
    (5, 'Gonzalo', 'Soto', 'M', '55555555555', 'monotributista', '1995-05-15', 'Banco Santander', '123456789', '123456789', 'alias5'),
    (6, 'Isabel', 'Ramos', 'F', '66666666666', 'monotributista', '1975-05-15', 'Banco Santander', '123456789', '123456789', 'alias6'),
    (7, 'Álvaro', 'Benítez', 'M', '77777777777', 'monotributista', '1975-05-15', 'Banco Santander', '123456789', '123456789', 'alias7'),
    (8, 'Monica', 'Reyes', 'F', '88888888888', 'monotributista', '1975-05-15', 'Banco Santander', '123456789', '123456789', 'alias8'),
    (9, 'Rodrigo', 'Castillo', 'M', '99999999999', 'monotributista', '1975-05-15', 'Banco Santander', '123456789', '123456789', 'alias9'),
    (10, 'Valeria', 'Soto', 'F', '10101010101', 'monotributista', '1975-05-15', 'Banco Santander', '123456789', '123456789', 'alias10'),
    (11, 'Miguel', 'Acosta', 'M', '11111111111', 'monotributista', '1975-05-15', 'Banco Santander', '123456789', '123456789', 'alias11'),
    (12, 'Elena', 'Molina', 'F', '12121212121', 'monotributista', '1975-05-15', 'Banco Santander', '123456789', '123456789', 'alias12'),
    (13, 'Fabián', 'Blanco', 'M', '13131313131', 'monotributista', '1975-05-15', 'Banco Santander', '123456789', '123456789', 'alias13'),
    (14, 'Sara', 'Aguilar', 'F', '14141414141', 'monotributista', '1975-05-15', 'Banco Santander', '123456789', '123456789', 'alias14'),
    (15, 'David', 'Ibáñez', 'M', '15151515151', 'monotributista', '1975-05-15', 'Banco Santander', '123456789', '123456789', 'alias15'),
    (16, 'Miriam', 'Rojas', 'F', '16161616161', 'monotributista', '1975-05-15', 'Banco Santander', '123456789', '123456789', 'alias16'),
    (17, 'Rafael', 'Vargas', 'M', '17171717171', 'monotributista', '1975-05-15', 'Banco Santander', '123456789', '123456789', 'alias17'),
    (18, 'Cristina', 'Gil', 'F', '18181818181', 'monotributista', '1975-05-15', 'Banco Santander', '123456789', '123456789', 'alias18'),
    (19, 'Santiago', 'Campos', 'M', '19191919191', 'monotributista', '1975-05-15', 'Banco Santander', '123456789', '123456789', 'alias19'),
    (20, 'Verónica', 'Fuentes', 'F', '20202020202', 'monotributista', '1975-05-15', 'Banco Santander', '123456789', '123456789', 'alias20'),
    (21, 'Ernesto', 'Calderón', 'M', '21212121212', 'monotributista', '1975-05-15', 'Banco Santander', '123456789', '123456789', 'alias21'),
    (22, 'Alicia', 'Miranda', 'F', '22222222222', 'monotributista', '1975-05-15', 'Banco Santander', '123456789', '123456789', 'alias22'),
    (23, 'Iván', 'Peña', 'M', '23232323232', 'monotributista', '1975-05-15', 'Banco Santander', '123456789', '123456789', 'alias23'),
    (24, 'Gabriela', 'Vega', 'F', '24242424242', 'monotributista', '1975-05-15', 'Banco Santander', '123456789', '123456789', 'alias24'),
    (25, 'Javier', 'Castro', 'M', '25252525252', 'monotributista', '1975-05-15', 'Banco Santander', '123456789', '123456789', 'alias25'),
    (26, 'Laura', 'Espinoza', 'F', '26262626262', 'monotributista', '1975-05-15', 'Banco Santander', '123456789', '123456789', 'alias26'),
    (27, 'Manuel', 'Serrano', 'M', '27272727272', 'monotributista', '1975-05-15', 'Banco Santander', '123456789', '123456789', 'alias27'),
    (28, 'Silvia', 'Navas', 'F', '28282828282', 'monotributista', '1975-05-15', 'Banco Santander', '123456789', '123456789', 'alias28'),
    (29, 'Cristian', 'Muñoz', 'M', '29292929292', 'monotributista', '1975-05-15', 'Banco Santander', '123456789', '123456789', 'alias29'),
    (30, 'Daniela', 'Reyes', 'F', '30303030303', 'monotributista', '1975-05-15', 'Banco Santander', '123456789', '123456789', 'alias30');


-----------------------------------------------------------------------------------------------
-- CLIENT_HAS_PROFESSIONAL
-----------------------------------------------------------------------------------------------
INSERT INTO "client_has_professional" ("client_fk", "professional_fk", "sender", "is_accept", "is_active")
VALUES 
    (31, 1, 'client', true, true),
    (31, 2, 'client', true, true),
    (31, 3, 'client', true, true),
    (31, 4, 'client', true, true),
    (31, 5, 'client', true, true),
    (31, 6, 'client', true, true),
    (31, 7, 'client', true, true),
    (31, 8, 'client', true, true),
    (31, 9, 'client', true, true),
    (31, 10, 'client', true, true),
    (32, 7, 'client', true, true),
    (32, 8, 'client', true, true),
    (32, 9, 'client', true, true),
    (32, 10, 'client', true, true),
    (32, 11, 'client', true, true),
    (32, 12, 'client', true, true),
    (32, 13, 'client', true, true),
    (32, 14, 'client', true, true),
    (32, 15, 'client', true, true),
    (32, 16, 'client', true, true),
    (33, 14, 'client', true, true),
    (33, 15, 'client', true, true),
    (33, 16, 'client', true, true),
    (33, 17, 'client', true, true),
    (33, 18, 'client', true, true),
    (33, 19, 'client', true, true),
    (33, 20, 'client', true, true),
    (33, 21, 'client', true, true),
    (33, 22, 'client', true, true),
    (33, 23, 'client', true, true),
    (34, 21, 'client', true, true),
    (34, 22, 'client', true, true),
    (34, 23, 'client', true, true),
    (34, 24, 'client', true, true),
    (34, 25, 'client', true, true),
    (34, 26, 'client', true, true),
    (34, 27, 'client', true, true),
    (34, 28, 'client', true, true),
    (34, 29, 'client', true, true),
    (34, 30, 'client', true, true);

-----------------------------------------------------------------------------------------------
-- COMPANY
-----------------------------------------------------------------------------------------------
INSERT INTO "company" ("client_fk", "name", "cuit", "note")
VALUES
    (31, 'BuildPro', '55555555555', 'Infraestructura para internación en el hogar'),
    (31, 'EduWorld', '66666666666', 'Capacitación en cuidados domiciliarios'),
    (31, 'Finance Corp', '77777777777', 'Financiación para servicios de salud en casa'),
    (31, 'AutoMax', '88888888888', 'Transporte especializado para internación domiciliaria'),
    (31, 'Foodies Inc', '99999999999', 'Nutrición adaptada para pacientes en casa'),
    (31, 'TravelWise', '10101010101', 'Logística para servicios de salud a domicilio'),
    (31, 'StyleHouse', '12121212121', 'Ropa y accesorios para pacientes en internación domiciliaria'),
    (32, 'New Med', '11111111111', 'Empresa con porblemas legales'),
    (32, 'Tech Solutions', '22222222222', 'Provee tecnología para internación domiciliaria'),
    (32, 'Green Earth', '33333333333', 'Equipos ecológicos para atención en casa'),
    (32, 'Health First', '44444444444', 'Líder en cuidados domiciliarios personalizados'),
    (32, 'AutoMax', '88888888888', 'Transporte especializado para internación domiciliaria'),
    (32, 'Foodies Inc', '99999999999', 'Nutrición adaptada para pacientes en casa'),
    (32, 'TravelWise', '10101010101', 'Logística para servicios de salud a domicilio'),
    (32, 'StyleHouse', '12121212121', 'Ropa y accesorios para pacientes en internación domiciliaria'),
    (33, 'New Med', '11111111111', 'Empresa con porblemas legales'),
    (33, 'Tech Solutions', '22222222222', 'Provee tecnología para internación domiciliaria'),
    (33, 'Green Earth', '33333333333', 'Equipos ecológicos para atención en casa'),
    (33, 'Health First', '44444444444', 'Líder en cuidados domiciliarios personalizados'),
    (33, 'BuildPro', '55555555555', 'Infraestructura para internación en el hogar'),
    (33, 'EduWorld', '66666666666', 'Capacitación en cuidados domiciliarios'),
    (33, 'Finance Corp', '77777777777', 'Financiación para servicios de salud en casa'),
    (33, 'TravelWise', '10101010101', 'Logística para servicios de salud a domicilio'),
    (33, 'StyleHouse', '12121212121', 'Ropa y accesorios para pacientes en internación domiciliaria'),
    (34, 'New Med', '11111111111', 'Empresa con porblemas legales'),
    (34, 'Tech Solutions', '22222222222', 'Provee tecnología para internación domiciliaria'),
    (34, 'Green Earth', '33333333333', 'Equipos ecológicos para atención en casa'),
    (34, 'Health First', '44444444444', 'Líder en cuidados domiciliarios personalizados'),
    (34, 'BuildPro', '55555555555', 'Infraestructura para internación en el hogar'),
    (34, 'EduWorld', '66666666666', 'Capacitación en cuidados domiciliarios'),
    (34, 'Finance Corp', '77777777777', 'Financiación para servicios de salud en casa'),
    (34, 'AutoMax', '88888888888', 'Transporte especializado para internación domiciliaria'),
    (34, 'Foodies Inc', '99999999999', 'Nutrición adaptada para pacientes en casa');
    

-----------------------------------------------------------------------------------------------
-- PATIENT
-----------------------------------------------------------------------------------------------
INSERT INTO "patient" ("client_fk", "company_fk", "name", "last_name", "healthcare_provider", "gender", "age", "phone", "note")
VALUES 
    (31,1, 'Ramrio', 'Sancho', 'OSDE', 'M', 30, '1111111111', 'Paciente con problemas respiratorios'),
    (31, 2, 'Ana', 'Pérez', 'Swiss Medical', 'F', 45, '2222222222', 'Paciente con diabetes controlada'),
    (31, 3, 'Luis', 'Gómez', 'Medifé', 'M', 60, '3333333333', 'Recuperación postoperatoria de cadera'),
    (31, 4, 'María', 'López', 'Galeno', 'F', 55, '4444444444', 'Control de hipertensión'),
    (31, 5, 'Carlos', 'Martínez', 'Sancor', 'M', 50, '5555555555', 'Paciente con enfermedad pulmonar obstructiva'),
    (31, 6, 'Laura', 'Díaz', 'OSDE', 'F', 35, '6666666666', 'Recuperación tras cirugía cardíaca'),
    (31, 7, 'Pedro', 'Sánchez', 'Hospital Italiano', 'M', 40, '7777777777', 'Tratamiento de insuficiencia renal'),
    (31, 1, 'Clara', 'Torres', 'IOMA', 'F', 65, '8888888888', 'Cuidados paliativos en domicilio'),
    (31, 2, 'Raúl', 'Castillo', 'OSECAC', 'M', 70, '9999999999', 'Atención de artritis reumatoide'),
    (31, 3, 'Marta', 'Romero', 'PAMI', 'F', 75, '1010101010', 'Paciente con Alzheimer en etapa temprana'),
    (31, 4, 'Sofía', 'Moreno', 'OSDE', 'F', 28, '1111111112', 'Manejo de asma crónica'),
    (32, 12, 'Jorge', 'Hernández', 'Swiss Medical', 'M', 68, '1212121212', 'Rehabilitación post-accidente cerebrovascular'),
    (32, 13, 'Isabel', 'García', 'Medifé', 'F', 42, '1313131313', 'Seguimiento de esclerosis múltiple'),
    (32, 14, 'Miguel', 'Ramos', 'Galeno', 'M', 52, '1414141414', 'Cuidados por insuficiencia cardíaca'),
    (32, 15, 'Elena', 'Fernández', 'Sancor', 'F', 47, '1515151515', 'Tratamiento de fibrosis pulmonar'),
    (32, 8, 'Andrés', 'Ruiz', 'OSDE', 'M', 33, '1616161616', 'Manejo de colitis ulcerosa'),
    (32, 9, 'Natalia', 'Jiménez', 'Hospital Italiano', 'F', 58, '1717171717', 'Cuidado por enfermedad de Parkinson'),
    (32, 10, 'Victor', 'Molina', 'IOMA', 'M', 66, '1818181818', 'Paciente con insuficiencia hepática'),
    (32, 11, 'Florencia', 'Núñez', 'OSECAC', 'F', 29, '1919191919', 'Tratamiento de epilepsia controlada'),
    (32, 12, 'Diego', 'Vega', 'PAMI', 'M', 74, '2020202020', 'Atención domiciliaria por cáncer de próstata'),
    (32, 13, 'Valeria', 'Silva', 'OSDE', 'F', 36, '2121212121', 'Recuperación de neumonía complicada'),
    (33, 22, 'Fernando', 'López', 'Swiss Medical', 'M', 65, '2222222222', 'Paciente con bronquitis crónica'),
    (33, 23, 'Gabriela', 'Martínez', 'Medifé', 'F', 50, '2323232323', 'Cuidados tras cirugía bariátrica'),
    (33, 24, 'Ricardo', 'Gómez', 'Galeno', 'M', 48, '2424242424', 'Tratamiento de hipertensión pulmonar'),
    (33, 16, 'Patricia', 'Torres', 'Sancor', 'F', 62, '2525252525', 'Seguimiento de insuficiencia cardíaca'),
    (33, 17, 'Alejandro', 'Vázquez', 'OSDE', 'M', 54, '2626262626', 'Rehabilitación por fractura de fémur'),
    (33, 18, 'Lucía', 'Cruz', 'Hospital Italiano', 'F', 40, '2727272727', 'Atención por lupus eritematoso sistémico'),
    (33, 19, 'Esteban', 'Rojas', 'IOMA', 'M', 38, '2828282828', 'Manejo de enfermedad celíaca'),
    (33, 20, 'Mariana', 'Morales', 'OSECAC', 'F', 45, '2929292929', 'Cuidados post-infección renal'),
    (33, 21, 'Hugo', 'Benítez', 'PAMI', 'M', 72, '3030303030', 'Tratamiento de demencia vascular'),
    (33, 22, 'Silvia', 'Pereyra', 'OSDE', 'F', 34, '3131313131', 'Cuidados por trastorno de ansiedad'),
    (34, 32, 'Javier', 'Sosa', 'Swiss Medical', 'M', 58, '3232323232', 'Rehabilitación tras infarto'),
    (34, 33, 'Carolina', 'Rivera', 'Medifé', 'F', 49, '3333333333', 'Manejo de artritis psoriásica'),
    (34, 25, 'Eduardo', 'Moreno', 'Galeno', 'M', 61, '3434343434', 'Cuidados paliativos por cáncer'),
    (34, 26, 'Alicia', 'Páez', 'Sancor', 'F', 53, '3535353535', 'Tratamiento de enfermedad de Crohn'),
    (34, 27, 'Tomás', 'Duarte', 'OSDE', 'M', 45, '3636363636', 'Cuidados por espondilitis anquilosante'),
    (34, 28, 'Gloria', 'Bustos', 'Hospital Italiano', 'F', 37, '3737373737', 'Seguimiento de hipotiroidismo'),
    (34, 29, 'Martín', 'Roldán', 'IOMA', 'M', 59, '3838383838', 'Rehabilitación tras cirugía de columna'),
    (34, 30, 'Cecilia', 'Herrera', 'OSECAC', 'F', 46, '3939393939', 'Tratamiento de apnea del sueño'),
    (34, 31, 'Gustavo', 'Méndez', 'PAMI', 'M', 67, '4040404040', 'Atención por enfermedad pulmonar intersticial'),
    (34, 32, 'Laura', 'Acosta', 'OSDE', 'F', 32, '4141414141', 'Manejo de migrañas crónicas');


-----------------------------------------------------------------------------------------------
-- TREATMENT
-----------------------------------------------------------------------------------------------
INSERT INTO "treatment" ("client_fk", "name", "abbreviation", "description")
VALUES 
    (31,'KINESIOLOGIA MOTORA', 'AKM', 'description1'),
    (31, 'FISIOTERAPIA RESPIRATORIA', 'FR', 'Tratamiento para mejorar la función pulmonar'),
    (31, 'TERAPIA OCUPACIONAL', 'TO', 'Ayuda en actividades diarias para mayor independencia'),
    (31, 'NUTRICIÓN CLÍNICA', 'NC', 'Plan de alimentación personalizado para pacientes'),
    (31, 'CUIDADOS PALIATIVOS', 'CP', 'Alivio del dolor y síntomas en cuidados terminales'),
    (31, 'PSICOLOGÍA DOMICILIARIA', 'PD', 'Apoyo emocional y psicológico en casa'),
    (32, 'ENFERMERÍA DOMICILIARIA', 'ED', 'Cuidados especializados en el hogar'),
    (32, 'TERAPIA FÍSICA', 'TF', 'Rehabilitación para mejorar la movilidad'),
    (32, 'LOGOPEDIA', 'LG', 'Tratamiento de trastornos del habla'),
    (32, 'CONTROL DE MEDICACIÓN', 'CM', 'Supervisión y administración de medicamentos'),
    (32, 'TERAPIA DEL DOLOR', 'TP', 'Manejo del dolor crónico en pacientes'),
    (33, 'FISIOTERAPIA DOMICILIARIA', 'FD', 'Ejercicios para recuperar movilidad en casa'),
    (33, 'CUIDADOS GERIÁTRICOS', 'CG', 'Atención integral para adultos mayores'),
    (33, 'TERAPIA RESPIRATORIA', 'TR', 'Soporte para mejorar la función respiratoria'),
    (33, 'TERAPIA NUTRICIONAL', 'TN', 'Asesoramiento y control de la dieta'),
    (33, 'REHABILITACIÓN CARDÍACA', 'RC', 'Recuperación tras eventos cardiovasculares'),
    (34, 'FISIOTERAPIA INTENSIVA', 'FI', 'Rehabilitación intensiva en el hogar'),
    (34, 'CUIDADO POSTOPERATORIO', 'CPO', 'Atención y seguimiento tras cirugías'),
    (34, 'TERAPIA COGNITIVA', 'TC', 'Estimulación para mejorar funciones mentales'),
    (34, 'SERVICIO DE CURACIONES', 'SC', 'Atención a heridas y cambios de vendaje'),
    (34, 'TERAPIA NEUROLÓGICA', 'TN', 'Tratamiento de trastornos neurológicos en casa');


-----------------------------------------------------------------------------------------------
-- COMPANY_HAS_TREATMENT
-----------------------------------------------------------------------------------------------
INSERT INTO "company_has_treatment" ("client_fk", "company_fk", "treatment_fk", "value")
VALUES 
    (31, 1, 1, 1000),
    (31, 1, 2, 6148),
    (31, 1, 3, 8721),
    (31, 1, 4, 2987),
    (31, 1, 5, 5735),
    (31, 1, 6, 7519),
    (31, 2, 1, 3945),
    (31, 2, 2, 2016),
    (31, 2, 3, 7057),
    (31, 2, 4, 6331),
    (31, 2, 5, 2551),
    (31, 2, 6, 8727),
    (31, 3, 1, 9166),
    (31, 3, 2, 4298),
    (31, 3, 3, 5638),
    (31, 3, 4, 5324),
    (31, 3, 5, 4443),
    (31, 3, 6, 7259),
    (31, 4, 1, 9067),
    (31, 4, 2, 5439),
    (31, 4, 3, 8232),
    (31, 4, 4, 6207),
    (31, 4, 5, 8075),
    (31, 4, 6, 5295),
    (31, 5, 1, 5311),
    (31, 5, 2, 4098),
    (31, 5, 3, 4852),
    (31, 5, 4, 4805),
    (31, 5, 5, 1828),
    (31, 5, 6, 5171),
    (31, 6, 1, 1897),
    (31, 6, 2, 9730),
    (31, 6, 3, 8994),
    (31, 6, 4, 7015),
    (31, 6, 5, 7568),
    (31, 6, 6, 6934),
    (31, 7, 1, 4742),
    (31, 7, 2, 8073),
    (31, 7, 3, 2020),
    (31, 7, 4, 4629),
    (31, 7, 5, 3171),
    (31, 7, 6, 6356),
    (32, 8, 7, 7965),
    (32, 8, 8, 1234),
    (32, 8, 9, 8705),
    (32, 8, 10, 5312),
    (32, 8, 11, 2981),
    (32, 9, 7, 6523),
    (32, 9, 8, 5417),
    (32, 9, 9, 4579),
    (32, 9, 10, 9023),
    (32, 9, 11, 7492),
    (32, 10, 7, 8864),
    (32, 10, 8, 4441),
    (32, 10, 9, 1683),
    (32, 10, 10, 7394),
    (32, 10, 11, 5156),
    (32, 11, 7, 6357),
    (32, 11, 8, 7648),
    (32, 11, 9, 4721),
    (32, 11, 10, 3618),
    (32, 11, 11, 8253),
    (32, 12, 7, 7019),
    (32, 12, 8, 9972),
    (32, 12, 9, 4038),
    (32, 12, 10, 2467),
    (32, 12, 11, 6885),
    (32, 13, 7, 2894),
    (32, 13, 8, 8356),
    (32, 13, 9, 6478),
    (32, 13, 10, 5163),
    (32, 13, 11, 1742),
    (32, 14, 7, 7312),
    (32, 14, 8, 5964),
    (32, 14, 9, 1852),
    (32, 14, 10, 9235),
    (32, 14, 11, 3769),
    (32, 15, 7, 5642),
    (32, 15, 8, 4183),
    (32, 15, 9, 6917),
    (32, 15, 10, 3579),
    (32, 15, 11, 8421),
    (33, 16, 12, 5391),
    (33, 16, 13, 9178),
    (33, 16, 14, 2587),
    (33, 16, 15, 7564),
    (33, 16, 16, 3025),
    (33, 17, 12, 6627),
    (33, 17, 13, 4351),
    (33, 17, 14, 8132),
    (33, 17, 15, 5478),
    (33, 17, 16, 9265),
    (33, 18, 12, 4849),
    (33, 18, 13, 1794),
    (33, 18, 14, 7138),
    (33, 18, 15, 2956),
    (33, 18, 16, 6687),
    (33, 19, 12, 8432),
    (33, 19, 13, 5196),
    (33, 19, 14, 9712),
    (33, 19, 15, 3854),
    (33, 19, 16, 7263),
    (33, 20, 12, 6725),
    (33, 20, 13, 2468),
    (33, 20, 14, 5834),
    (33, 20, 15, 8921),
    (33, 20, 16, 4176),
    (33, 21, 12, 1593),
    (33, 21, 13, 7348),
    (33, 21, 14, 2865),
    (33, 21, 15, 6217),
    (33, 21, 16, 4793),
    (33, 22, 12, 5479),
    (33, 22, 13, 3814),
    (33, 22, 14, 9256),
    (33, 22, 15, 1682),
    (33, 22, 16, 7365),
    (33, 23, 12, 9187),
    (33, 23, 13, 5723),
    (33, 23, 14, 3684),
    (33, 23, 15, 7295),
    (33, 23, 16, 4381),
    (33, 24, 12, 6921),
    (33, 24, 13, 2756),
    (33, 24, 14, 8264),
    (33, 24, 15, 3147),
    (33, 24, 16, 5873),
    (34, 25, 17, 5987),
    (34, 25, 18, 2354),
    (34, 25, 19, 7856),
    (34, 25, 20, 4167),
    (34, 25, 21, 3798),
    (34, 26, 17, 8245),
    (34, 26, 18, 6791),
    (34, 26, 19, 1574),
    (34, 26, 20, 9423),
    (34, 26, 21, 5187),
    (34, 27, 17, 3619),
    (34, 27, 18, 8725),
    (34, 27, 19, 4698),
    (34, 27, 20, 7251),
    (34, 27, 21, 2836),
    (34, 28, 17, 5294),
    (34, 28, 18, 6842),
    (34, 28, 19, 8365),
    (34, 28, 20, 4958),
    (34, 28, 21, 1679),
    (34, 29, 17, 7235),
    (34, 29, 18, 4198),
    (34, 29, 19, 9584),
    (34, 29, 20, 3785),
    (34, 29, 21, 6427),
    (34, 30, 17, 1873),
    (34, 30, 18, 5482),
    (34, 30, 19, 3651),
    (34, 30, 20, 9246),
    (34, 30, 21, 7124),
    (34, 31, 17, 8364),
    (34, 31, 18, 5793),
    (34, 31, 19, 2938),
    (34, 31, 20, 4617),
    (34, 31, 21, 8174),
    (34, 32, 17, 3947),
    (34, 32, 18, 6381),
    (34, 32, 19, 7519),
    (34, 32, 20, 2765),
    (34, 32, 21, 9284),
    (34, 33, 17, 5823),
    (34, 33, 18, 3751),
    (34, 33, 19, 8496),
    (34, 33, 20, 4162),
    (34, 33, 21, 6914);


-----------------------------------------------------------------------------------------------
-- TREATMENT_HAS_PROFESSIONAL
-----------------------------------------------------------------------------------------------
INSERT INTO "treatment_has_professional" ("client_fk", "professional_fk", "company_fk", "treatment_fk", "value")
VALUES 
    (31, 1, 1, 1, 3913),
    (31, 1, 1, 2, 2109),
    (31, 1, 1, 3, 1696),
    (31, 1, 1, 4, 2469),
    (31, 1, 1, 5, 3597),
    (31, 1, 1, 6, 3262),
    (31, 1, 2, 1, 3735),
    (31, 1, 2, 2, 2832),
    (31, 1, 2, 3, 1753),
    (31, 1, 2, 4, 2768),
    (31, 1, 2, 5, 4502),
    (31, 1, 2, 6, 1542),
    (31, 1, 3, 1, 2976),
    (31, 1, 3, 2, 4088),
    (31, 1, 3, 3, 4180),
    (31, 1, 3, 4, 4253),
    (31, 1, 3, 5, 4639),
    (31, 1, 3, 6, 2545),
    (31, 1, 4, 1, 1012),
    (31, 1, 4, 2, 4532),
    (31, 1, 4, 3, 2896),
    (31, 1, 4, 4, 3970),
    (31, 1, 4, 5, 3553),
    (31, 1, 4, 6, 2048),
    (31, 1, 5, 1, 4973),
    (31, 1, 5, 2, 2856),
    (31, 1, 5, 3, 3676),
    (31, 1, 5, 4, 4669),
    (31, 1, 5, 5, 4380),
    (31, 1, 5, 6, 1772),
    (31, 1, 6, 1, 1458),
    (31, 1, 6, 2, 1723),
    (31, 1, 6, 3, 2606),
    (31, 1, 6, 4, 4745),
    (31, 1, 6, 5, 2716),
    (31, 1, 6, 6, 3922),
    (31, 1, 7, 1, 3133),
    (31, 1, 7, 2, 3693),
    (31, 1, 7, 3, 2150),
    (31, 1, 7, 4, 1438),
    (31, 1, 7, 5, 4248),
    (31, 1, 7, 6, 1961),
    (31, 2, 1, 1, 3131),
    (31, 2, 1, 2, 3984),
    (31, 2, 1, 3, 3798),
    (31, 2, 1, 4, 1050),
    (31, 2, 1, 5, 2921),
    (31, 2, 1, 6, 2357),
    (31, 2, 2, 1, 2279),
    (31, 2, 2, 2, 3731),
    (31, 2, 2, 3, 3755),
    (31, 2, 2, 4, 1674),
    (31, 2, 2, 5, 2281),
    (31, 2, 2, 6, 2345),
    (31, 2, 3, 1, 3345),
    (31, 2, 3, 2, 4316),
    (31, 2, 3, 3, 4555),
    (31, 2, 3, 4, 1542),
    (31, 2, 3, 5, 3477),
    (31, 2, 3, 6, 2159),
    (31, 2, 4, 1, 2743),
    (31, 2, 4, 2, 3704),
    (31, 2, 4, 3, 4927),
    (31, 2, 4, 4, 4808),
    (31, 2, 4, 5, 4080),
    (31, 2, 4, 6, 4707),
    (31, 2, 5, 1, 3636),
    (31, 2, 5, 2, 3119),
    (31, 2, 5, 3, 4008),
    (31, 2, 5, 4, 1134),
    (31, 2, 5, 5, 2404),
    (31, 2, 5, 6, 1278),
    (31, 2, 6, 1, 1075),
    (31, 2, 6, 2, 3852),
    (31, 2, 6, 3, 4134),
    (31, 2, 6, 4, 1571),
    (31, 2, 6, 5, 3704),
    (31, 2, 6, 6, 1491),
    (31, 2, 7, 1, 2832),
    (31, 2, 7, 2, 1537),
    (31, 2, 7, 3, 1738),
    (31, 2, 7, 4, 2193),
    (31, 2, 7, 5, 4447),
    (31, 2, 7, 6, 2340),
    (31, 3, 1, 1, 1938),
    (31, 3, 1, 2, 2504),
    (31, 3, 1, 3, 3242),
    (31, 3, 1, 4, 1275),
    (31, 3, 1, 5, 2111),
    (31, 3, 1, 6, 4181),
    (31, 3, 2, 1, 4559),
    (31, 3, 2, 2, 4114),
    (31, 3, 2, 3, 1898),
    (31, 3, 2, 4, 2516),
    (31, 3, 2, 5, 3832),
    (31, 3, 2, 6, 4316),
    (31, 3, 3, 1, 2189),
    (31, 3, 3, 2, 3004),
    (31, 3, 3, 3, 1610),
    (31, 3, 3, 4, 1187),
    (31, 3, 3, 5, 4691),
    (31, 3, 3, 6, 1265),
    (31, 3, 4, 1, 3672),
    (31, 3, 4, 2, 2969),
    (31, 3, 4, 3, 1841),
    (31, 3, 4, 4, 4727),
    (31, 3, 4, 5, 1869),
    (31, 3, 4, 6, 3657),
    (31, 3, 5, 1, 1718),
    (31, 3, 5, 2, 4430),
    (31, 3, 5, 3, 4855),
    (31, 3, 5, 4, 3373),
    (31, 3, 5, 5, 3004),
    (31, 3, 5, 6, 3965),
    (31, 3, 6, 1, 3867),
    (31, 3, 6, 2, 2965),
    (31, 3, 6, 3, 1509),
    (31, 3, 6, 4, 4581),
    (31, 3, 6, 5, 1515),
    (31, 3, 6, 6, 1015),
    (31, 3, 7, 1, 4945),
    (31, 3, 7, 2, 3314),
    (31, 3, 7, 3, 4976),
    (31, 3, 7, 4, 2465),
    (31, 3, 7, 5, 1210),
    (31, 3, 7, 6, 3675),
    (31, 4, 1, 1, 1590),
    (31, 4, 1, 2, 3344),
    (31, 4, 1, 3, 2276),
    (31, 4, 1, 4, 4491),
    (31, 4, 1, 5, 1668),
    (31, 4, 1, 6, 4173),
    (31, 4, 2, 1, 3914),
    (31, 4, 2, 2, 2300),
    (31, 4, 2, 3, 1593),
    (31, 4, 2, 4, 3753),
    (31, 4, 2, 5, 3845),
    (31, 4, 2, 6, 3312),
    (31, 4, 3, 1, 4497),
    (31, 4, 3, 2, 2232),
    (31, 4, 3, 3, 4356),
    (31, 4, 3, 4, 3469),
    (31, 4, 3, 5, 3725),
    (31, 4, 3, 6, 3833),
    (31, 4, 4, 1, 3035),
    (31, 4, 4, 2, 4275),
    (31, 4, 4, 3, 2486),
    (31, 4, 4, 4, 1583),
    (31, 4, 4, 5, 1717),
    (31, 4, 4, 6, 3165),
    (31, 4, 5, 1, 2667),
    (31, 4, 5, 2, 3649),
    (31, 4, 5, 3, 4811),
    (31, 4, 5, 4, 3757),
    (31, 4, 5, 5, 4654),
    (31, 4, 5, 6, 3589),
    (31, 4, 6, 1, 1833),
    (31, 4, 6, 2, 1767),
    (31, 4, 6, 3, 2498),
    (31, 4, 6, 4, 4065),
    (31, 4, 6, 5, 1063),
    (31, 4, 6, 6, 1232),
    (31, 4, 7, 1, 3242),
    (31, 4, 7, 2, 4852),
    (31, 4, 7, 3, 1106),
    (31, 4, 7, 4, 4741),
    (31, 4, 7, 5, 2637),
    (31, 4, 7, 6, 4873),
    (31, 5, 1, 1, 3435),
    (31, 5, 1, 2, 3171),
    (31, 5, 1, 3, 4779),
    (31, 5, 1, 4, 3415),
    (31, 5, 1, 5, 2898),
    (31, 5, 1, 6, 3662),
    (31, 5, 2, 1, 2305),
    (31, 5, 2, 2, 4811),
    (31, 5, 2, 3, 2023),
    (31, 5, 2, 4, 2585),
    (31, 5, 2, 5, 3241),
    (31, 5, 2, 6, 1353),
    (31, 5, 3, 1, 3819),
    (31, 5, 3, 2, 3347),
    (31, 5, 3, 3, 3916),
    (31, 5, 3, 4, 1709),
    (31, 5, 3, 5, 2795),
    (31, 5, 3, 6, 2719),
    (31, 5, 4, 1, 3227),
    (31, 5, 4, 2, 1973),
    (31, 5, 4, 3, 4549),
    (31, 5, 4, 4, 3736),
    (31, 5, 4, 5, 4381),
    (31, 5, 4, 6, 3415),
    (31, 5, 5, 1, 3078),
    (31, 5, 5, 2, 1942),
    (31, 5, 5, 3, 2044),
    (31, 5, 5, 4, 3894),
    (31, 5, 5, 5, 4033),
    (31, 5, 5, 6, 2212),
    (31, 5, 6, 1, 2847),
    (31, 5, 6, 2, 3427),
    (31, 5, 6, 3, 4368),
    (31, 5, 6, 4, 2006),
    (31, 5, 6, 5, 2150),
    (31, 5, 6, 6, 1500),
    (31, 5, 7, 1, 1852),
    (31, 5, 7, 2, 3008),
    (31, 5, 7, 3, 4725),
    (31, 5, 7, 4, 3138),
    (31, 5, 7, 5, 1513),
    (31, 5, 7, 6, 3280),
    (31, 6, 1, 1, 1905),
    (31, 6, 1, 2, 2249),
    (31, 6, 1, 3, 3691),
    (31, 6, 1, 4, 2477),
    (31, 6, 1, 5, 3318),
    (31, 6, 1, 6, 3581),
    (31, 6, 2, 1, 1377),
    (31, 6, 2, 2, 2747),
    (31, 6, 2, 3, 3738),
    (31, 6, 2, 4, 4749),
    (31, 6, 2, 5, 1193),
    (31, 6, 2, 6, 4176),
    (31, 6, 3, 1, 1418),
    (31, 6, 3, 2, 4841),
    (31, 6, 3, 3, 4607),
    (31, 6, 3, 4, 2701),
    (31, 6, 3, 5, 1743),
    (31, 6, 3, 6, 3258),
    (31, 6, 4, 1, 3611),
    (31, 6, 4, 2, 4671),
    (31, 6, 4, 3, 2566),
    (31, 6, 4, 4, 1961),
    (31, 6, 4, 5, 3005),
    (31, 6, 4, 6, 4835),
    (31, 6, 5, 1, 3604),
    (31, 6, 5, 2, 3205),
    (31, 6, 5, 3, 2171),
    (31, 6, 5, 4, 3685),
    (31, 6, 5, 5, 2727),
    (31, 6, 5, 6, 4894),
    (31, 6, 6, 1, 1583),
    (31, 6, 6, 2, 3818),
    (31, 6, 6, 3, 4920),
    (31, 6, 6, 4, 3665),
    (31, 6, 6, 5, 2648),
    (31, 6, 6, 6, 4587),
    (31, 6, 7, 1, 1177),
    (31, 6, 7, 2, 2239),
    (31, 6, 7, 3, 2157),
    (31, 6, 7, 4, 1992),
    (31, 6, 7, 5, 1909),
    (31, 6, 7, 6, 2056),
    (31, 7, 1, 1, 4819),
    (31, 7, 1, 2, 3560),
    (31, 7, 1, 3, 4579),
    (31, 7, 1, 4, 4651),
    (31, 7, 1, 5, 1051),
    (31, 7, 1, 6, 3100),
    (31, 7, 2, 1, 1960),
    (31, 7, 2, 2, 1753),
    (31, 7, 2, 3, 4086),
    (31, 7, 2, 4, 1174),
    (31, 7, 2, 5, 3480),
    (31, 7, 2, 6, 1474),
    (31, 7, 3, 1, 2173),
    (31, 7, 3, 2, 1656),
    (31, 7, 3, 3, 2926),
    (31, 7, 3, 4, 2262),
    (31, 7, 3, 5, 3602),
    (31, 7, 3, 6, 3069),
    (31, 7, 4, 1, 4597),
    (31, 7, 4, 2, 3791),
    (31, 7, 4, 3, 4036),
    (31, 7, 4, 4, 1530),
    (31, 7, 4, 5, 3843),
    (31, 7, 4, 6, 4860),
    (31, 7, 5, 1, 3213),
    (31, 7, 5, 2, 3076),
    (31, 7, 5, 3, 4529),
    (31, 7, 5, 4, 4939),
    (31, 7, 5, 5, 2786),
    (31, 7, 5, 6, 1760),
    (31, 7, 6, 1, 3727),
    (31, 7, 6, 2, 3221),
    (31, 7, 6, 3, 2062),
    (31, 7, 6, 4, 1137),
    (31, 7, 6, 5, 2693),
    (31, 7, 6, 6, 1518),
    (31, 7, 7, 1, 2990),
    (31, 7, 7, 2, 4316),
    (31, 7, 7, 3, 2053),
    (31, 7, 7, 4, 3576),
    (31, 7, 7, 5, 3567),
    (31, 7, 7, 6, 4149),
    (31, 8, 1, 1, 4199),
    (31, 8, 1, 2, 4461),
    (31, 8, 1, 3, 1575),
    (31, 8, 1, 4, 3972),
    (31, 8, 1, 5, 1201),
    (31, 8, 1, 6, 2435),
    (31, 8, 2, 1, 3140),
    (31, 8, 2, 2, 2385),
    (31, 8, 2, 3, 1010),
    (31, 8, 2, 4, 3568),
    (31, 8, 2, 5, 3690),
    (31, 8, 2, 6, 4292),
    (31, 8, 3, 1, 1658),
    (31, 8, 3, 2, 4423),
    (31, 8, 3, 3, 3914),
    (31, 8, 3, 4, 1211),
    (31, 8, 3, 5, 1491),
    (31, 8, 3, 6, 2162),
    (31, 8, 4, 1, 2664),
    (31, 8, 4, 2, 1597),
    (31, 8, 4, 3, 3565),
    (31, 8, 4, 4, 3930),
    (31, 8, 4, 5, 3865),
    (31, 8, 4, 6, 4046),
    (31, 8, 5, 1, 3096),
    (31, 8, 5, 2, 2912),
    (31, 8, 5, 3, 1415),
    (31, 8, 5, 4, 3822),
    (31, 8, 5, 5, 3293),
    (31, 8, 5, 6, 1304),
    (31, 8, 6, 1, 2257),
    (31, 8, 6, 2, 2388),
    (31, 8, 6, 3, 4525),
    (31, 8, 6, 4, 3810),
    (31, 8, 6, 5, 3113),
    (31, 8, 6, 6, 3470),
    (31, 8, 7, 1, 2552),
    (31, 8, 7, 2, 2305),
    (31, 8, 7, 3, 3434),
    (31, 8, 7, 4, 1998),
    (31, 8, 7, 5, 3765),
    (31, 8, 7, 6, 2141),
    (31, 9, 1, 1, 4912),
    (31, 9, 1, 2, 1166),
    (31, 9, 1, 3, 4804),
    (31, 9, 1, 4, 3484),
    (31, 9, 1, 5, 1789),
    (31, 9, 1, 6, 1393),
    (31, 9, 2, 1, 4417),
    (31, 9, 2, 2, 2304),
    (31, 9, 2, 3, 3763),
    (31, 9, 2, 4, 3832),
    (31, 9, 2, 5, 2235),
    (31, 9, 2, 6, 3527),
    (31, 9, 3, 1, 2547),
    (31, 9, 3, 2, 1414),
    (31, 9, 3, 3, 3054),
    (31, 9, 3, 4, 2611),
    (31, 9, 3, 5, 1659),
    (31, 9, 3, 6, 3355),
    (31, 9, 4, 1, 3431),
    (31, 9, 4, 2, 3992),
    (31, 9, 4, 3, 4132),
    (31, 9, 4, 4, 1370),
    (31, 9, 4, 5, 3462),
    (31, 9, 4, 6, 1143),
    (31, 9, 5, 1, 1161),
    (31, 9, 5, 2, 4324),
    (31, 9, 5, 3, 2648),
    (31, 9, 5, 4, 3660),
    (31, 9, 5, 5, 3993),
    (31, 9, 5, 6, 3487),
    (31, 9, 6, 1, 1040),
    (31, 9, 6, 2, 1873),
    (31, 9, 6, 3, 2274),
    (31, 9, 6, 4, 3455),
    (31, 9, 6, 5, 4814),
    (31, 9, 6, 6, 3178),
    (31, 9, 7, 1, 4234),
    (31, 9, 7, 2, 1673),
    (31, 9, 7, 3, 1728),
    (31, 9, 7, 4, 3879),
    (31, 9, 7, 5, 1000),
    (31, 9, 7, 6, 1043),
    (31, 10, 1, 1, 1777),
    (31, 10, 1, 2, 1762),
    (31, 10, 1, 3, 1523),
    (31, 10, 1, 4, 4435),
    (31, 10, 1, 5, 4880),
    (31, 10, 1, 6, 1541),
    (31, 10, 2, 1, 2208),
    (31, 10, 2, 2, 2891),
    (31, 10, 2, 3, 2504),
    (31, 10, 2, 4, 1732),
    (31, 10, 2, 5, 3785),
    (31, 10, 2, 6, 3766),
    (31, 10, 3, 1, 1572),
    (31, 10, 3, 2, 2466),
    (31, 10, 3, 3, 3985),
    (31, 10, 3, 4, 2169),
    (31, 10, 3, 5, 2902),
    (31, 10, 3, 6, 3357),
    (31, 10, 4, 1, 1940),
    (31, 10, 4, 2, 1193),
    (31, 10, 4, 3, 4600),
    (31, 10, 4, 4, 2184),
    (31, 10, 4, 5, 2409),
    (31, 10, 4, 6, 4344),
    (31, 10, 5, 1, 3831),
    (31, 10, 5, 2, 1382),
    (31, 10, 5, 3, 3488),
    (31, 10, 5, 4, 4362),
    (31, 10, 5, 5, 4501),
    (31, 10, 5, 6, 2340),
    (31, 10, 6, 1, 3398),
    (31, 10, 6, 2, 2183),
    (31, 10, 6, 3, 2101),
    (31, 10, 6, 4, 2532),
    (31, 10, 6, 5, 4498),
    (31, 10, 6, 6, 2020),
    (31, 10, 7, 1, 2961),
    (31, 10, 7, 2, 2916),
    (31, 10, 7, 3, 1449),
    (31, 10, 7, 4, 1737),
    (31, 10, 7, 5, 2044),
    (31, 10, 7, 6, 3632),
        (32, 7, 8, 7, 4592),
    (32, 7, 8, 8, 4006),
    (32, 7, 8, 9, 3741),
    (32, 7, 8, 10, 2404),
    (32, 7, 8, 11, 3635),
    (32, 7, 9, 7, 1889),
    (32, 7, 9, 8, 4822),
    (32, 7, 9, 9, 4131),
    (32, 7, 9, 10, 2786),
    (32, 7, 9, 11, 3894),
    (32, 7, 10, 7, 3191),
    (32, 7, 10, 8, 3947),
    (32, 7, 10, 9, 3014),
    (32, 7, 10, 10, 4561),
    (32, 7, 10, 11, 3277),
    (32, 7, 11, 7, 1233),
    (32, 7, 11, 8, 2093),
    (32, 7, 11, 9, 3646),
    (32, 7, 11, 10, 2605),
    (32, 7, 11, 11, 3134),
    (32, 7, 12, 7, 3605),
    (32, 7, 12, 8, 2142),
    (32, 7, 12, 9, 3506),
    (32, 7, 12, 10, 2473),
    (32, 7, 12, 11, 2540),
    (32, 7, 13, 7, 2237),
    (32, 7, 13, 8, 3591),
    (32, 7, 13, 9, 1939),
    (32, 7, 13, 10, 3877),
    (32, 7, 13, 11, 3703),
    (32, 7, 14, 7, 4865),
    (32, 7, 14, 8, 2174),
    (32, 7, 14, 9, 4986),
    (32, 7, 14, 10, 3470),
    (32, 7, 14, 11, 1868),
    (32, 7, 15, 7, 1156),
    (32, 7, 15, 8, 2949),
    (32, 7, 15, 9, 2216),
    (32, 7, 15, 10, 4420),
    (32, 7, 15, 11, 4944),
    (32, 8, 8, 7, 4903),
    (32, 8, 8, 8, 2071),
    (32, 8, 8, 9, 2378),
    (32, 8, 8, 10, 3961),
    (32, 8, 8, 11, 3006),
    (32, 8, 9, 7, 3639),
    (32, 8, 9, 8, 4434),
    (32, 8, 9, 9, 4394),
    (32, 8, 9, 10, 2444),
    (32, 8, 9, 11, 4655),
    (32, 8, 10, 7, 3926),
    (32, 8, 10, 8, 4576),
    (32, 8, 10, 9, 3131),
    (32, 8, 10, 10, 4088),
    (32, 8, 10, 11, 1065),
    (32, 8, 11, 7, 3032),
    (32, 8, 11, 8, 3483),
    (32, 8, 11, 9, 4516),
    (32, 8, 11, 10, 1318),
    (32, 8, 11, 11, 3630),
    (32, 8, 12, 7, 2920),
    (32, 8, 12, 8, 2633),
    (32, 8, 12, 9, 2695),
    (32, 8, 12, 10, 4202),
    (32, 8, 12, 11, 3875),
    (32, 8, 13, 7, 3061),
    (32, 8, 13, 8, 2859),
    (32, 8, 13, 9, 1417),
    (32, 8, 13, 10, 3028),
    (32, 8, 13, 11, 2312),
    (32, 8, 14, 7, 2699),
    (32, 8, 14, 8, 4483),
    (32, 8, 14, 9, 4994),
    (32, 8, 14, 10, 2360),
    (32, 8, 14, 11, 4009),
    (32, 8, 15, 7, 1427),
    (32, 8, 15, 8, 3767),
    (32, 8, 15, 9, 4533),
    (32, 8, 15, 10, 2845),
    (32, 8, 15, 11, 1502),
    (32, 9, 8, 7, 4172),
    (32, 9, 8, 8, 1437),
    (32, 9, 8, 9, 2157),
    (32, 9, 8, 10, 2425),
    (32, 9, 8, 11, 3856),
    (32, 9, 9, 7, 1208),
    (32, 9, 9, 8, 1921),
    (32, 9, 9, 9, 1790),
    (32, 9, 9, 10, 4604),
    (32, 9, 9, 11, 3954),
    (32, 9, 10, 7, 1179),
    (32, 9, 10, 8, 3058),
    (32, 9, 10, 9, 4089),
    (32, 9, 10, 10, 4518),
    (32, 9, 10, 11, 1257),
    (32, 9, 11, 7, 1408),
    (32, 9, 11, 8, 2781),
    (32, 9, 11, 9, 2957),
    (32, 9, 11, 10, 4353),
    (32, 9, 11, 11, 3043),
    (32, 9, 12, 7, 4953),
    (32, 9, 12, 8, 1282),
    (32, 9, 12, 9, 2758),
    (32, 9, 12, 10, 1383),
    (32, 9, 12, 11, 2986),
    (32, 9, 13, 7, 3441),
    (32, 9, 13, 8, 4571),
    (32, 9, 13, 9, 1302),
    (32, 9, 13, 10, 4180),
    (32, 9, 13, 11, 3222),
    (32, 9, 14, 7, 4128),
    (32, 9, 14, 8, 1446),
    (32, 9, 14, 9, 4881),
    (32, 9, 14, 10, 2687),
    (32, 9, 14, 11, 1861),
    (32, 9, 15, 7, 2154),
    (32, 9, 15, 8, 1922),
    (32, 9, 15, 9, 1168),
    (32, 9, 15, 10, 4036),
    (32, 9, 15, 11, 1965),
    (32, 10, 8, 7, 3411),
    (32, 10, 8, 8, 2586),
    (32, 10, 8, 9, 2416),
    (32, 10, 8, 10, 1595),
    (32, 10, 8, 11, 1479),
    (32, 10, 9, 7, 2843),
    (32, 10, 9, 8, 4758),
    (32, 10, 9, 9, 4229),
    (32, 10, 9, 10, 4475),
    (32, 10, 9, 11, 1106),
    (32, 10, 10, 7, 2495),
    (32, 10, 10, 8, 2913),
    (32, 10, 10, 9, 4204),
    (32, 10, 10, 10, 1398),
    (32, 10, 10, 11, 3927),
    (32, 10, 11, 7, 4352),
    (32, 10, 11, 8, 3148),
    (32, 10, 11, 9, 4893),
    (32, 10, 11, 10, 1289),
    (32, 10, 11, 11, 4715),
    (32, 10, 12, 7, 1666),
    (32, 10, 12, 8, 2743),
    (32, 10, 12, 9, 3197),
    (32, 10, 12, 10, 4834),
    (32, 10, 12, 11, 4103),
    (32, 10, 13, 7, 3006),
    (32, 10, 13, 8, 2127),
    (32, 10, 13, 9, 1510),
    (32, 10, 13, 10, 2879),
    (32, 10, 13, 11, 3991),
    (32, 10, 14, 7, 2401),
    (32, 10, 14, 8, 2044),
    (32, 10, 14, 9, 1722),
    (32, 10, 14, 10, 2158),
    (32, 10, 14, 11, 2564),
    (32, 10, 15, 7, 3051),
    (32, 10, 15, 8, 1269),
    (32, 10, 15, 9, 1099),
    (32, 10, 15, 10, 4747),
    (32, 10, 15, 11, 2713),
    (32, 11, 8, 7, 1082),
    (32, 11, 8, 8, 1253),
    (32, 11, 8, 9, 3478),
    (32, 11, 8, 10, 3919),
    (32, 11, 8, 11, 4471),
    (32, 11, 9, 7, 4408),
    (32, 11, 9, 8, 1449),
    (32, 11, 9, 9, 1353),
    (32, 11, 9, 10, 4413),
    (32, 11, 9, 11, 4069),
    (32, 11, 10, 7, 4898),
    (32, 11, 10, 8, 3290),
    (32, 11, 10, 9, 1195),
    (32, 11, 10, 10, 1896),
    (32, 11, 10, 11, 2164),
    (32, 11, 11, 7, 3301),
    (32, 11, 11, 8, 3336),
    (32, 11, 11, 9, 4813),
    (32, 11, 11, 10, 1503),
    (32, 11, 11, 11, 1873),
    (32, 11, 12, 7, 3473),
    (32, 11, 12, 8, 4942),
    (32, 11, 12, 9, 1289),
    (32, 11, 12, 10, 4148),
    (32, 11, 12, 11, 2565),
    (32, 11, 13, 7, 1977),
    (32, 11, 13, 8, 1355),
    (32, 11, 13, 9, 2337),
    (32, 11, 13, 10, 4851),
    (32, 11, 13, 11, 2867),
    (32, 11, 14, 7, 1970),
    (32, 11, 14, 8, 3917),
    (32, 11, 14, 9, 1942),
    (32, 11, 14, 10, 2470),
    (32, 11, 14, 11, 4935),
    (32, 11, 15, 7, 4574),
    (32, 11, 15, 8, 3514),
    (32, 11, 15, 9, 4909),
    (32, 11, 15, 10, 4348),
    (32, 11, 15, 11, 1029),
    (32, 12, 8, 7, 1037),
    (32, 12, 8, 8, 4103),
    (32, 12, 8, 9, 4253),
    (32, 12, 8, 10, 1220),
    (32, 12, 8, 11, 4744),
    (32, 12, 9, 7, 1477),
    (32, 12, 9, 8, 4983),
    (32, 12, 9, 9, 4065),
    (32, 12, 9, 10, 2875),
    (32, 12, 9, 11, 4170),
    (32, 12, 10, 7, 4371),
    (32, 12, 10, 8, 4392),
    (32, 12, 10, 9, 2458),
    (32, 12, 10, 10, 2741),
    (32, 12, 10, 11, 2946),
    (32, 12, 11, 7, 2707),
    (32, 12, 11, 8, 1095),
    (32, 12, 11, 9, 1131),
    (32, 12, 11, 10, 4944),
    (32, 12, 11, 11, 2845),
    (32, 12, 12, 7, 3444),
    (32, 12, 12, 8, 3155),
    (32, 12, 12, 9, 4023),
    (32, 12, 12, 10, 4649),
    (32, 12, 12, 11, 4868),
    (32, 12, 13, 7, 2680),
    (32, 12, 13, 8, 1850),
    (32, 12, 13, 9, 1310),
    (32, 12, 13, 10, 1907),
    (32, 12, 13, 11, 4474),
    (32, 12, 14, 7, 1681),
    (32, 12, 14, 8, 4373),
    (32, 12, 14, 9, 2504),
    (32, 12, 14, 10, 1154),
    (32, 12, 14, 11, 3546),
    (32, 12, 15, 7, 4863),
    (32, 12, 15, 8, 2748),
    (32, 12, 15, 9, 1529),
    (32, 12, 15, 10, 3787),
    (32, 12, 15, 11, 1850),
    (32, 13, 8, 7, 3598),
    (32, 13, 8, 8, 1069),
    (32, 13, 8, 9, 4166),
    (32, 13, 8, 10, 3750),
    (32, 13, 8, 11, 3956),
    (32, 13, 9, 7, 2515),
    (32, 13, 9, 8, 2640),
    (32, 13, 9, 9, 2346),
    (32, 13, 9, 10, 1928),
    (32, 13, 9, 11, 4998),
    (32, 13, 10, 7, 2618),
    (32, 13, 10, 8, 1159),
    (32, 13, 10, 9, 1623),
    (32, 13, 10, 10, 4181),
    (32, 13, 10, 11, 2822),
    (32, 13, 11, 7, 2159),
    (32, 13, 11, 8, 1477),
    (32, 13, 11, 9, 4278),
    (32, 13, 11, 10, 1696),
    (32, 13, 11, 11, 3344),
    (32, 13, 12, 7, 2025),
    (32, 13, 12, 8, 1273),
    (32, 13, 12, 9, 2410),
    (32, 13, 12, 10, 4546),
    (32, 13, 12, 11, 3044),
    (32, 13, 13, 7, 2282),
    (32, 13, 13, 8, 1431),
    (32, 13, 13, 9, 2097),
    (32, 13, 13, 10, 3325),
    (32, 13, 13, 11, 2027),
    (32, 13, 14, 7, 4021),
    (32, 13, 14, 8, 4238),
    (32, 13, 14, 9, 1640),
    (32, 13, 14, 10, 1332),
    (32, 13, 14, 11, 2399),
    (32, 13, 15, 7, 2623),
    (32, 13, 15, 8, 1896),
    (32, 13, 15, 9, 2375),
    (32, 13, 15, 10, 3501),
    (32, 13, 15, 11, 1630),
    (32, 14, 8, 7, 4212),
    (32, 14, 8, 8, 3258),
    (32, 14, 8, 9, 4406),
    (32, 14, 8, 10, 2265),
    (32, 14, 8, 11, 3612),
    (32, 14, 9, 7, 2284),
    (32, 14, 9, 8, 1553),
    (32, 14, 9, 9, 1137),
    (32, 14, 9, 10, 4522),
    (32, 14, 9, 11, 4656),
    (32, 14, 10, 7, 4983),
    (32, 14, 10, 8, 4297),
    (32, 14, 10, 9, 3671),
    (32, 14, 10, 10, 2989),
    (32, 14, 10, 11, 4593),
    (32, 14, 11, 7, 2755),
    (32, 14, 11, 8, 4342),
    (32, 14, 11, 9, 2670),
    (32, 14, 11, 10, 2089),
    (32, 14, 11, 11, 4411),
    (32, 14, 12, 7, 1131),
    (32, 14, 12, 8, 3911),
    (32, 14, 12, 9, 3496),
    (32, 14, 12, 10, 3466),
    (32, 14, 12, 11, 1226),
    (32, 14, 13, 7, 1291),
    (32, 14, 13, 8, 2195),
    (32, 14, 13, 9, 1171),
    (32, 14, 13, 10, 4506),
    (32, 14, 13, 11, 3227),
    (32, 14, 14, 7, 4330),
    (32, 14, 14, 8, 1824),
    (32, 14, 14, 9, 1893),
    (32, 14, 14, 10, 4683),
    (32, 14, 14, 11, 2062),
    (32, 14, 15, 7, 1134),
    (32, 14, 15, 8, 2015),
    (32, 14, 15, 9, 3926),
    (32, 14, 15, 10, 3478),
    (32, 14, 15, 11, 3242),
    (32, 15, 8, 7, 3705),
    (32, 15, 8, 8, 4199),
    (32, 15, 8, 9, 1906),
    (32, 15, 8, 10, 1766),
    (32, 15, 8, 11, 4612),
    (32, 15, 9, 7, 2289),
    (32, 15, 9, 8, 1838),
    (32, 15, 9, 9, 2351),
    (32, 15, 9, 10, 2769),
    (32, 15, 9, 11, 3688),
    (32, 15, 10, 7, 3778),
    (32, 15, 10, 8, 4946),
    (32, 15, 10, 9, 2136),
    (32, 15, 10, 10, 4809),
    (32, 15, 10, 11, 2449),
    (32, 15, 11, 7, 4781),
    (32, 15, 11, 8, 4955),
    (32, 15, 11, 9, 2117),
    (32, 15, 11, 10, 2293),
    (32, 15, 11, 11, 4796),
    (32, 15, 12, 7, 1886),
    (32, 15, 12, 8, 2349),
    (32, 15, 12, 9, 1100),
    (32, 15, 12, 10, 3646),
    (32, 15, 12, 11, 3764),
    (32, 15, 13, 7, 4983),
    (32, 15, 13, 8, 4831),
    (32, 15, 13, 9, 3480),
    (32, 15, 13, 10, 2796),
    (32, 15, 13, 11, 1941),
    (32, 15, 14, 7, 3400),
    (32, 15, 14, 8, 3604),
    (32, 15, 14, 9, 3062),
    (32, 15, 14, 10, 1254),
    (32, 15, 14, 11, 2586),
    (32, 15, 15, 7, 1903),
    (32, 15, 15, 8, 2777),
    (32, 15, 15, 9, 1085),
    (32, 15, 15, 10, 1942),
    (32, 15, 15, 11, 2561),
    (32, 16, 8, 7, 2687),
    (32, 16, 8, 8, 3299),
    (32, 16, 8, 9, 2256),
    (32, 16, 8, 10, 1205),
    (32, 16, 8, 11, 1539),
    (32, 16, 9, 7, 1917),
    (32, 16, 9, 8, 4985),
    (32, 16, 9, 9, 4705),
    (32, 16, 9, 10, 2643),
    (32, 16, 9, 11, 1094),
    (32, 16, 10, 7, 2322),
    (32, 16, 10, 8, 1148),
    (32, 16, 10, 9, 2828),
    (32, 16, 10, 10, 1387),
    (32, 16, 10, 11, 1065),
    (32, 16, 11, 7, 2663),
    (32, 16, 11, 8, 1266),
    (32, 16, 11, 9, 2764),
    (32, 16, 11, 10, 1725),
    (32, 16, 11, 11, 2858),
    (32, 16, 12, 7, 4132),
    (32, 16, 12, 8, 1056),
    (32, 16, 12, 9, 1266),
    (32, 16, 12, 10, 4974),
    (32, 16, 12, 11, 4994),
    (32, 16, 13, 7, 4286),
    (32, 16, 13, 8, 3776),
    (32, 16, 13, 9, 4402),
    (32, 16, 13, 10, 4514),
    (32, 16, 13, 11, 2006),
    (32, 16, 14, 7, 3853),
    (32, 16, 14, 8, 2735),
    (32, 16, 14, 9, 4961),
    (32, 16, 14, 10, 2696),
    (32, 16, 14, 11, 1914),
    (32, 16, 15, 7, 4689),
    (32, 16, 15, 8, 2156),
    (32, 16, 15, 9, 1030),
    (32, 16, 15, 10, 3818),
    (32, 16, 15, 11, 1891),
        (33, 14, 16, 12, 2624),
    (33, 14, 16, 13, 2900),
    (33, 14, 16, 14, 1742),
    (33, 14, 16, 15, 3824),
    (33, 14, 16, 16, 3229),
    (33, 14, 17, 12, 1097),
    (33, 14, 17, 13, 1261),
    (33, 14, 17, 14, 1109),
    (33, 14, 17, 15, 3312),
    (33, 14, 17, 16, 4161),
    (33, 14, 18, 12, 1159),
    (33, 14, 18, 13, 2114),
    (33, 14, 18, 14, 3002),
    (33, 14, 18, 15, 4880),
    (33, 14, 18, 16, 2418),
    (33, 14, 19, 12, 4281),
    (33, 14, 19, 13, 2034),
    (33, 14, 19, 14, 3919),
    (33, 14, 19, 15, 1204),
    (33, 14, 19, 16, 1627),
    (33, 14, 20, 12, 1877),
    (33, 14, 20, 13, 4220),
    (33, 14, 20, 14, 1439),
    (33, 14, 20, 15, 2412),
    (33, 14, 20, 16, 1272),
    (33, 14, 21, 12, 4881),
    (33, 14, 21, 13, 4286),
    (33, 14, 21, 14, 2030),
    (33, 14, 21, 15, 1313),
    (33, 14, 21, 16, 1556),
    (33, 14, 22, 12, 3003),
    (33, 14, 22, 13, 4309),
    (33, 14, 22, 14, 2744),
    (33, 14, 22, 15, 4781),
    (33, 14, 22, 16, 1845),
    (33, 14, 23, 12, 1361),
    (33, 14, 23, 13, 3847),
    (33, 14, 23, 14, 1165),
    (33, 14, 23, 15, 2464),
    (33, 14, 23, 16, 4639),
    (33, 14, 24, 12, 1160),
    (33, 14, 24, 13, 4800),
    (33, 14, 24, 14, 2713),
    (33, 14, 24, 15, 1535),
    (33, 14, 24, 16, 1902),
    (33, 15, 16, 12, 4282),
    (33, 15, 16, 13, 1018),
    (33, 15, 16, 14, 3705),
    (33, 15, 16, 15, 3071),
    (33, 15, 16, 16, 3616),
    (33, 15, 17, 12, 2875),
    (33, 15, 17, 13, 2528),
    (33, 15, 17, 14, 3051),
    (33, 15, 17, 15, 3766),
    (33, 15, 17, 16, 2367),
    (33, 15, 18, 12, 1471),
    (33, 15, 18, 13, 2974),
    (33, 15, 18, 14, 4811),
    (33, 15, 18, 15, 2212),
    (33, 15, 18, 16, 4407),
    (33, 15, 19, 12, 3086),
    (33, 15, 19, 13, 1674),
    (33, 15, 19, 14, 3814),
    (33, 15, 19, 15, 4371),
    (33, 15, 19, 16, 4316),
    (33, 15, 20, 12, 2231),
    (33, 15, 20, 13, 1519),
    (33, 15, 20, 14, 3584),
    (33, 15, 20, 15, 2138),
    (33, 15, 20, 16, 1512),
    (33, 15, 21, 12, 4238),
    (33, 15, 21, 13, 4339),
    (33, 15, 21, 14, 1564),
    (33, 15, 21, 15, 3839),
    (33, 15, 21, 16, 3006),
    (33, 15, 22, 12, 3364),
    (33, 15, 22, 13, 4313),
    (33, 15, 22, 14, 1739),
    (33, 15, 22, 15, 4039),
    (33, 15, 22, 16, 4681),
    (33, 15, 23, 12, 2899),
    (33, 15, 23, 13, 2992),
    (33, 15, 23, 14, 1925),
    (33, 15, 23, 15, 4621),
    (33, 15, 23, 16, 4837),
    (33, 15, 24, 12, 3663),
    (33, 15, 24, 13, 1761),
    (33, 15, 24, 14, 4491),
    (33, 15, 24, 15, 2654),
    (33, 15, 24, 16, 3878),
    (33, 16, 16, 12, 3572),
    (33, 16, 16, 13, 2340),
    (33, 16, 16, 14, 1156),
    (33, 16, 16, 15, 3061),
    (33, 16, 16, 16, 2545),
    (33, 16, 17, 12, 1375),
    (33, 16, 17, 13, 4381),
    (33, 16, 17, 14, 2822),
    (33, 16, 17, 15, 3265),
    (33, 16, 17, 16, 4478),
    (33, 16, 18, 12, 4568),
    (33, 16, 18, 13, 4572),
    (33, 16, 18, 14, 1302),
    (33, 16, 18, 15, 4926),
    (33, 16, 18, 16, 1757),
    (33, 16, 19, 12, 2498),
    (33, 16, 19, 13, 3139),
    (33, 16, 19, 14, 3473),
    (33, 16, 19, 15, 3739),
    (33, 16, 19, 16, 2274),
    (33, 16, 20, 12, 2952),
    (33, 16, 20, 13, 4897),
    (33, 16, 20, 14, 3470),
    (33, 16, 20, 15, 4716),
    (33, 16, 20, 16, 1498),
    (33, 16, 21, 12, 1148),
    (33, 16, 21, 13, 2543),
    (33, 16, 21, 14, 3936),
    (33, 16, 21, 15, 3241),
    (33, 16, 21, 16, 3114),
    (33, 16, 22, 12, 1798),
    (33, 16, 22, 13, 1462),
    (33, 16, 22, 14, 2201),
    (33, 16, 22, 15, 2804),
    (33, 16, 22, 16, 1455),
    (33, 16, 23, 12, 4878),
    (33, 16, 23, 13, 4275),
    (33, 16, 23, 14, 2539),
    (33, 16, 23, 15, 3746),
    (33, 16, 23, 16, 2852),
    (33, 16, 24, 12, 1685),
    (33, 16, 24, 13, 3966),
    (33, 16, 24, 14, 3071),
    (33, 16, 24, 15, 4775),
    (33, 16, 24, 16, 1291),
    (33, 17, 16, 12, 3757),
    (33, 17, 16, 13, 4133),
    (33, 17, 16, 14, 1564),
    (33, 17, 16, 15, 1473),
    (33, 17, 16, 16, 4050),
    (33, 17, 17, 12, 4938),
    (33, 17, 17, 13, 2610),
    (33, 17, 17, 14, 2478),
    (33, 17, 17, 15, 3292),
    (33, 17, 17, 16, 3088),
    (33, 17, 18, 12, 3125),
    (33, 17, 18, 13, 3031),
    (33, 17, 18, 14, 1293),
    (33, 17, 18, 15, 1472),
    (33, 17, 18, 16, 2211),
    (33, 17, 19, 12, 3325),
    (33, 17, 19, 13, 2911),
    (33, 17, 19, 14, 2942),
    (33, 17, 19, 15, 2723),
    (33, 17, 19, 16, 3866),
    (33, 17, 20, 12, 3837),
    (33, 17, 20, 13, 3372),
    (33, 17, 20, 14, 3088),
    (33, 17, 20, 15, 2842),
    (33, 17, 20, 16, 1421),
    (33, 17, 21, 12, 2067),
    (33, 17, 21, 13, 3146),
    (33, 17, 21, 14, 1032),
    (33, 17, 21, 15, 3058),
    (33, 17, 21, 16, 1792),
    (33, 17, 22, 12, 4406),
    (33, 17, 22, 13, 1800),
    (33, 17, 22, 14, 1172),
    (33, 17, 22, 15, 3639),
    (33, 17, 22, 16, 4777),
    (33, 17, 23, 12, 3890),
    (33, 17, 23, 13, 1389),
    (33, 17, 23, 14, 2923),
    (33, 17, 23, 15, 2289),
    (33, 17, 23, 16, 1721),
    (33, 17, 24, 12, 2834),
    (33, 17, 24, 13, 4936),
    (33, 17, 24, 14, 4748),
    (33, 17, 24, 15, 2312),
    (33, 17, 24, 16, 1636),
    (33, 18, 16, 12, 3898),
    (33, 18, 16, 13, 3629),
    (33, 18, 16, 14, 3153),
    (33, 18, 16, 15, 2375),
    (33, 18, 16, 16, 2322),
    (33, 18, 17, 12, 1739),
    (33, 18, 17, 13, 4942),
    (33, 18, 17, 14, 3989),
    (33, 18, 17, 15, 3265),
    (33, 18, 17, 16, 4600),
    (33, 18, 18, 12, 3957),
    (33, 18, 18, 13, 4930),
    (33, 18, 18, 14, 3670),
    (33, 18, 18, 15, 1650),
    (33, 18, 18, 16, 2818),
    (33, 18, 19, 12, 4348),
    (33, 18, 19, 13, 1944),
    (33, 18, 19, 14, 4239),
    (33, 18, 19, 15, 3227),
    (33, 18, 19, 16, 3739),
    (33, 18, 20, 12, 3039),
    (33, 18, 20, 13, 1444),
    (33, 18, 20, 14, 1515),
    (33, 18, 20, 15, 2484),
    (33, 18, 20, 16, 2692),
    (33, 18, 21, 12, 1384),
    (33, 18, 21, 13, 2714),
    (33, 18, 21, 14, 3320),
    (33, 18, 21, 15, 2323),
    (33, 18, 21, 16, 3634),
    (33, 18, 22, 12, 3719),
    (33, 18, 22, 13, 2892),
    (33, 18, 22, 14, 1863),
    (33, 18, 22, 15, 4599),
    (33, 18, 22, 16, 3330),
    (33, 18, 23, 12, 1111),
    (33, 18, 23, 13, 3108),
    (33, 18, 23, 14, 4843),
    (33, 18, 23, 15, 3240),
    (33, 18, 23, 16, 2786),
    (33, 18, 24, 12, 2186),
    (33, 18, 24, 13, 2874),
    (33, 18, 24, 14, 3675),
    (33, 18, 24, 15, 4864),
    (33, 18, 24, 16, 1707),
    (33, 19, 16, 12, 1167),
    (33, 19, 16, 13, 4288),
    (33, 19, 16, 14, 1710),
    (33, 19, 16, 15, 1343),
    (33, 19, 16, 16, 4094),
    (33, 19, 17, 12, 1956),
    (33, 19, 17, 13, 3855),
    (33, 19, 17, 14, 4203),
    (33, 19, 17, 15, 3363),
    (33, 19, 17, 16, 1930),
    (33, 19, 18, 12, 2524),
    (33, 19, 18, 13, 3007),
    (33, 19, 18, 14, 1632),
    (33, 19, 18, 15, 2555),
    (33, 19, 18, 16, 2095),
    (33, 19, 19, 12, 3010),
    (33, 19, 19, 13, 1297),
    (33, 19, 19, 14, 1301),
    (33, 19, 19, 15, 2680),
    (33, 19, 19, 16, 1701),
    (33, 19, 20, 12, 4851),
    (33, 19, 20, 13, 2671),
    (33, 19, 20, 14, 2345),
    (33, 19, 20, 15, 2520),
    (33, 19, 20, 16, 3992),
    (33, 19, 21, 12, 2067),
    (33, 19, 21, 13, 1586),
    (33, 19, 21, 14, 2150),
    (33, 19, 21, 15, 3823),
    (33, 19, 21, 16, 4553),
    (33, 19, 22, 12, 4536),
    (33, 19, 22, 13, 1257),
    (33, 19, 22, 14, 4873),
    (33, 19, 22, 15, 4239),
    (33, 19, 22, 16, 3723),
    (33, 19, 23, 12, 2513),
    (33, 19, 23, 13, 1221),
    (33, 19, 23, 14, 2914),
    (33, 19, 23, 15, 3267),
    (33, 19, 23, 16, 1986),
    (33, 19, 24, 12, 4977),
    (33, 19, 24, 13, 2502),
    (33, 19, 24, 14, 3911),
    (33, 19, 24, 15, 2480),
    (33, 19, 24, 16, 4664),
    (33, 20, 16, 12, 1464),
    (33, 20, 16, 13, 2631),
    (33, 20, 16, 14, 3349),
    (33, 20, 16, 15, 3445),
    (33, 20, 16, 16, 4632),
    (33, 20, 17, 12, 3967),
    (33, 20, 17, 13, 4293),
    (33, 20, 17, 14, 2796),
    (33, 20, 17, 15, 1034),
    (33, 20, 17, 16, 2419),
    (33, 20, 18, 12, 2740),
    (33, 20, 18, 13, 1758),
    (33, 20, 18, 14, 4826),
    (33, 20, 18, 15, 4445),
    (33, 20, 18, 16, 3219),
    (33, 20, 19, 12, 4574),
    (33, 20, 19, 13, 2381),
    (33, 20, 19, 14, 1990),
    (33, 20, 19, 15, 3179),
    (33, 20, 19, 16, 1041),
    (33, 20, 20, 12, 1705),
    (33, 20, 20, 13, 2850),
    (33, 20, 20, 14, 3917),
    (33, 20, 20, 15, 2700),
    (33, 20, 20, 16, 1186),
    (33, 20, 21, 12, 2316),
    (33, 20, 21, 13, 4878),
    (33, 20, 21, 14, 3934),
    (33, 20, 21, 15, 3163),
    (33, 20, 21, 16, 2362),
    (33, 20, 22, 12, 2709),
    (33, 20, 22, 13, 4315),
    (33, 20, 22, 14, 4231),
    (33, 20, 22, 15, 3706),
    (33, 20, 22, 16, 3492),
    (33, 20, 23, 12, 4704),
    (33, 20, 23, 13, 4699),
    (33, 20, 23, 14, 2851),
    (33, 20, 23, 15, 3023),
    (33, 20, 23, 16, 2268),
    (33, 20, 24, 12, 1275),
    (33, 20, 24, 13, 1831),
    (33, 20, 24, 14, 2750),
    (33, 20, 24, 15, 1283),
    (33, 20, 24, 16, 1035),
    (33, 21, 16, 12, 2069),
    (33, 21, 16, 13, 1950),
    (33, 21, 16, 14, 2842),
    (33, 21, 16, 15, 3854),
    (33, 21, 16, 16, 4375),
    (33, 21, 17, 12, 3920),
    (33, 21, 17, 13, 2471),
    (33, 21, 17, 14, 3832),
    (33, 21, 17, 15, 3236),
    (33, 21, 17, 16, 3589),
    (33, 21, 18, 12, 4257),
    (33, 21, 18, 13, 2815),
    (33, 21, 18, 14, 4682),
    (33, 21, 18, 15, 4400),
    (33, 21, 18, 16, 2449),
    (33, 21, 19, 12, 3328),
    (33, 21, 19, 13, 1204),
    (33, 21, 19, 14, 3322),
    (33, 21, 19, 15, 3309),
    (33, 21, 19, 16, 2666),
    (33, 21, 20, 12, 3677),
    (33, 21, 20, 13, 2251),
    (33, 21, 20, 14, 1738),
    (33, 21, 20, 15, 3657),
    (33, 21, 20, 16, 4963),
    (33, 21, 21, 12, 4865),
    (33, 21, 21, 13, 1646),
    (33, 21, 21, 14, 4039),
    (33, 21, 21, 15, 2774),
    (33, 21, 21, 16, 4510),
    (33, 21, 22, 12, 2408),
    (33, 21, 22, 13, 4899),
    (33, 21, 22, 14, 4640),
    (33, 21, 22, 15, 2952),
    (33, 21, 22, 16, 3553),
    (33, 21, 23, 12, 4623),
    (33, 21, 23, 13, 3537),
    (33, 21, 23, 14, 1992),
    (33, 21, 23, 15, 3371),
    (33, 21, 23, 16, 4968),
    (33, 21, 24, 12, 1644),
    (33, 21, 24, 13, 4280),
    (33, 21, 24, 14, 1571),
    (33, 21, 24, 15, 3185),
    (33, 21, 24, 16, 4924),
    (33, 22, 16, 12, 4509),
    (33, 22, 16, 13, 4051),
    (33, 22, 16, 14, 1726),
    (33, 22, 16, 15, 4399),
    (33, 22, 16, 16, 3603),
    (33, 22, 17, 12, 1365),
    (33, 22, 17, 13, 2690),
    (33, 22, 17, 14, 3981),
    (33, 22, 17, 15, 1222),
    (33, 22, 17, 16, 3158),
    (33, 22, 18, 12, 3673),
    (33, 22, 18, 13, 3892),
    (33, 22, 18, 14, 3970),
    (33, 22, 18, 15, 3952),
    (33, 22, 18, 16, 1264),
    (33, 22, 19, 12, 3365),
    (33, 22, 19, 13, 4828),
    (33, 22, 19, 14, 3394),
    (33, 22, 19, 15, 2882),
    (33, 22, 19, 16, 4306),
    (33, 22, 20, 12, 3608),
    (33, 22, 20, 13, 4238),
    (33, 22, 20, 14, 1975),
    (33, 22, 20, 15, 2559),
    (33, 22, 20, 16, 2866),
    (33, 22, 21, 12, 3159),
    (33, 22, 21, 13, 2085),
    (33, 22, 21, 14, 3718),
    (33, 22, 21, 15, 3720),
    (33, 22, 21, 16, 2136),
    (33, 22, 22, 12, 3196),
    (33, 22, 22, 13, 4805),
    (33, 22, 22, 14, 4086),
    (33, 22, 22, 15, 3178),
    (33, 22, 22, 16, 2136),
    (33, 22, 23, 12, 1745),
    (33, 22, 23, 13, 3596),
    (33, 22, 23, 14, 1752),
    (33, 22, 23, 15, 2156),
    (33, 22, 23, 16, 4219),
    (33, 22, 24, 12, 4227),
    (33, 22, 24, 13, 2685),
    (33, 22, 24, 14, 1068),
    (33, 22, 24, 15, 1270),
    (33, 22, 24, 16, 3303),
    (33, 23, 16, 12, 2923),
    (33, 23, 16, 13, 2436),
    (33, 23, 16, 14, 3890),
    (33, 23, 16, 15, 4001),
    (33, 23, 16, 16, 2934),
    (33, 23, 17, 12, 3478),
    (33, 23, 17, 13, 3410),
    (33, 23, 17, 14, 1818),
    (33, 23, 17, 15, 2266),
    (33, 23, 17, 16, 4990),
    (33, 23, 18, 12, 4719),
    (33, 23, 18, 13, 4588),
    (33, 23, 18, 14, 1358),
    (33, 23, 18, 15, 3577),
    (33, 23, 18, 16, 3383),
    (33, 23, 19, 12, 1084),
    (33, 23, 19, 13, 3792),
    (33, 23, 19, 14, 3160),
    (33, 23, 19, 15, 3007),
    (33, 23, 19, 16, 2280),
    (33, 23, 20, 12, 3879),
    (33, 23, 20, 13, 1058),
    (33, 23, 20, 14, 1044),
    (33, 23, 20, 15, 4747),
    (33, 23, 20, 16, 1693),
    (33, 23, 21, 12, 4396),
    (33, 23, 21, 13, 2214),
    (33, 23, 21, 14, 4657),
    (33, 23, 21, 15, 2079),
    (33, 23, 21, 16, 1453),
    (33, 23, 22, 12, 3712),
    (33, 23, 22, 13, 4556),
    (33, 23, 22, 14, 2246),
    (33, 23, 22, 15, 2871),
    (33, 23, 22, 16, 4957),
    (33, 23, 23, 12, 1403),
    (33, 23, 23, 13, 1239),
    (33, 23, 23, 14, 3611),
    (33, 23, 23, 15, 3314),
    (33, 23, 23, 16, 3892),
    (33, 23, 24, 12, 2404),
    (33, 23, 24, 13, 3895),
    (33, 23, 24, 14, 1156),
    (33, 23, 24, 15, 3344),
    (33, 23, 24, 16, 2347),
        (34, 21, 25, 17, 2914),
    (34, 21, 25, 18, 2369),
    (34, 21, 25, 19, 1614),
    (34, 21, 25, 20, 4277),
    (34, 21, 25, 21, 3526),
    (34, 21, 26, 17, 1032),
    (34, 21, 26, 18, 4327),
    (34, 21, 26, 19, 2904),
    (34, 21, 26, 20, 4958),
    (34, 21, 26, 21, 4987),
    (34, 21, 27, 17, 3668),
    (34, 21, 27, 18, 2002),
    (34, 21, 27, 19, 2692),
    (34, 21, 27, 20, 2851),
    (34, 21, 27, 21, 4670),
    (34, 21, 28, 17, 3460),
    (34, 21, 28, 18, 3728),
    (34, 21, 28, 19, 1325),
    (34, 21, 28, 20, 3874),
    (34, 21, 28, 21, 2905),
    (34, 21, 29, 17, 4468),
    (34, 21, 29, 18, 2432),
    (34, 21, 29, 19, 3712),
    (34, 21, 29, 20, 2869),
    (34, 21, 29, 21, 2932),
    (34, 21, 30, 17, 1950),
    (34, 21, 30, 18, 1013),
    (34, 21, 30, 19, 1699),
    (34, 21, 30, 20, 1848),
    (34, 21, 30, 21, 1747),
    (34, 21, 31, 17, 2972),
    (34, 21, 31, 18, 2466),
    (34, 21, 31, 19, 3290),
    (34, 21, 31, 20, 1458),
    (34, 21, 31, 21, 2288),
    (34, 21, 32, 17, 1852),
    (34, 21, 32, 18, 2670),
    (34, 21, 32, 19, 3340),
    (34, 21, 32, 20, 3419),
    (34, 21, 32, 21, 1885),
    (34, 21, 33, 17, 1149),
    (34, 21, 33, 18, 3554),
    (34, 21, 33, 19, 4875),
    (34, 21, 33, 20, 2355),
    (34, 21, 33, 21, 4970),
    (34, 22, 25, 17, 3734),
    (34, 22, 25, 18, 3673),
    (34, 22, 25, 19, 4835),
    (34, 22, 25, 20, 1105),
    (34, 22, 25, 21, 1094),
    (34, 22, 26, 17, 3552),
    (34, 22, 26, 18, 2519),
    (34, 22, 26, 19, 2304),
    (34, 22, 26, 20, 3311),
    (34, 22, 26, 21, 4375),
    (34, 22, 27, 17, 4851),
    (34, 22, 27, 18, 2939),
    (34, 22, 27, 19, 2301),
    (34, 22, 27, 20, 1787),
    (34, 22, 27, 21, 3523),
    (34, 22, 28, 17, 3961),
    (34, 22, 28, 18, 2426),
    (34, 22, 28, 19, 1412),
    (34, 22, 28, 20, 1743),
    (34, 22, 28, 21, 4936),
    (34, 22, 29, 17, 3077),
    (34, 22, 29, 18, 1831),
    (34, 22, 29, 19, 3556),
    (34, 22, 29, 20, 1533),
    (34, 22, 29, 21, 2784),
    (34, 22, 30, 17, 2633),
    (34, 22, 30, 18, 3704),
    (34, 22, 30, 19, 2415),
    (34, 22, 30, 20, 2295),
    (34, 22, 30, 21, 4978),
    (34, 22, 31, 17, 1199),
    (34, 22, 31, 18, 2087),
    (34, 22, 31, 19, 3756),
    (34, 22, 31, 20, 1906),
    (34, 22, 31, 21, 2294),
    (34, 22, 32, 17, 4600),
    (34, 22, 32, 18, 2740),
    (34, 22, 32, 19, 2657),
    (34, 22, 32, 20, 3168),
    (34, 22, 32, 21, 1301),
    (34, 22, 33, 17, 1882),
    (34, 22, 33, 18, 1535),
    (34, 22, 33, 19, 2819),
    (34, 22, 33, 20, 2855),
    (34, 22, 33, 21, 3660),
    (34, 23, 25, 17, 4270),
    (34, 23, 25, 18, 4472),
    (34, 23, 25, 19, 2016),
    (34, 23, 25, 20, 1387),
    (34, 23, 25, 21, 4176),
    (34, 23, 26, 17, 2156),
    (34, 23, 26, 18, 1846),
    (34, 23, 26, 19, 1611),
    (34, 23, 26, 20, 2777),
    (34, 23, 26, 21, 4144),
    (34, 23, 27, 17, 4384),
    (34, 23, 27, 18, 2878),
    (34, 23, 27, 19, 4782),
    (34, 23, 27, 20, 1252),
    (34, 23, 27, 21, 3403),
    (34, 23, 28, 17, 1262),
    (34, 23, 28, 18, 3256),
    (34, 23, 28, 19, 1054),
    (34, 23, 28, 20, 3991),
    (34, 23, 28, 21, 3234),
    (34, 23, 29, 17, 1041),
    (34, 23, 29, 18, 1682),
    (34, 23, 29, 19, 1372),
    (34, 23, 29, 20, 1605),
    (34, 23, 29, 21, 4282),
    (34, 23, 30, 17, 3688),
    (34, 23, 30, 18, 4715),
    (34, 23, 30, 19, 3599),
    (34, 23, 30, 20, 1891),
    (34, 23, 30, 21, 3414),
    (34, 23, 31, 17, 3077),
    (34, 23, 31, 18, 2588),
    (34, 23, 31, 19, 2515),
    (34, 23, 31, 20, 1702),
    (34, 23, 31, 21, 4687),
    (34, 23, 32, 17, 3753),
    (34, 23, 32, 18, 2775),
    (34, 23, 32, 19, 1905),
    (34, 23, 32, 20, 4218),
    (34, 23, 32, 21, 1983),
    (34, 23, 33, 17, 2323),
    (34, 23, 33, 18, 3277),
    (34, 23, 33, 19, 2873),
    (34, 23, 33, 20, 1746),
    (34, 23, 33, 21, 1963),
    (34, 24, 25, 17, 4644),
    (34, 24, 25, 18, 3218),
    (34, 24, 25, 19, 2712),
    (34, 24, 25, 20, 3444),
    (34, 24, 25, 21, 1951),
    (34, 24, 26, 17, 2203),
    (34, 24, 26, 18, 2331),
    (34, 24, 26, 19, 2349),
    (34, 24, 26, 20, 2717),
    (34, 24, 26, 21, 1223),
    (34, 24, 27, 17, 2137),
    (34, 24, 27, 18, 4655),
    (34, 24, 27, 19, 4489),
    (34, 24, 27, 20, 2474),
    (34, 24, 27, 21, 1270),
    (34, 24, 28, 17, 1130),
    (34, 24, 28, 18, 4100),
    (34, 24, 28, 19, 2432),
    (34, 24, 28, 20, 1453),
    (34, 24, 28, 21, 4163),
    (34, 24, 29, 17, 1307),
    (34, 24, 29, 18, 1643),
    (34, 24, 29, 19, 2368),
    (34, 24, 29, 20, 4933),
    (34, 24, 29, 21, 1738),
    (34, 24, 30, 17, 3231),
    (34, 24, 30, 18, 2774),
    (34, 24, 30, 19, 3502),
    (34, 24, 30, 20, 1113),
    (34, 24, 30, 21, 3114),
    (34, 24, 31, 17, 3328),
    (34, 24, 31, 18, 3938),
    (34, 24, 31, 19, 3491),
    (34, 24, 31, 20, 2050),
    (34, 24, 31, 21, 1486),
    (34, 24, 32, 17, 4073),
    (34, 24, 32, 18, 3062),
    (34, 24, 32, 19, 2139),
    (34, 24, 32, 20, 1688),
    (34, 24, 32, 21, 4081),
    (34, 24, 33, 17, 3915),
    (34, 24, 33, 18, 4856),
    (34, 24, 33, 19, 4882),
    (34, 24, 33, 20, 1775),
    (34, 24, 33, 21, 2399),
    (34, 25, 25, 17, 4443),
    (34, 25, 25, 18, 4077),
    (34, 25, 25, 19, 1419),
    (34, 25, 25, 20, 2544),
    (34, 25, 25, 21, 2347),
    (34, 25, 26, 17, 3984),
    (34, 25, 26, 18, 2597),
    (34, 25, 26, 19, 4713),
    (34, 25, 26, 20, 1789),
    (34, 25, 26, 21, 4605),
    (34, 25, 27, 17, 1842),
    (34, 25, 27, 18, 2986),
    (34, 25, 27, 19, 3927),
    (34, 25, 27, 20, 4087),
    (34, 25, 27, 21, 2183),
    (34, 25, 28, 17, 2866),
    (34, 25, 28, 18, 3781),
    (34, 25, 28, 19, 1847),
    (34, 25, 28, 20, 4576),
    (34, 25, 28, 21, 4604),
    (34, 25, 29, 17, 3360),
    (34, 25, 29, 18, 4804),
    (34, 25, 29, 19, 2293),
    (34, 25, 29, 20, 3383),
    (34, 25, 29, 21, 3903),
    (34, 25, 30, 17, 4401),
    (34, 25, 30, 18, 2408),
    (34, 25, 30, 19, 2285),
    (34, 25, 30, 20, 3610),
    (34, 25, 30, 21, 1470),
    (34, 25, 31, 17, 2281),
    (34, 25, 31, 18, 1324),
    (34, 25, 31, 19, 2706),
    (34, 25, 31, 20, 4044),
    (34, 25, 31, 21, 4399),
    (34, 25, 32, 17, 2793),
    (34, 25, 32, 18, 2167),
    (34, 25, 32, 19, 2866),
    (34, 25, 32, 20, 3094),
    (34, 25, 32, 21, 1330),
    (34, 25, 33, 17, 1461),
    (34, 25, 33, 18, 2813),
    (34, 25, 33, 19, 1320),
    (34, 25, 33, 20, 1775),
    (34, 25, 33, 21, 1797),
    (34, 26, 25, 17, 1184),
    (34, 26, 25, 18, 2920),
    (34, 26, 25, 19, 2603),
    (34, 26, 25, 20, 1794),
    (34, 26, 25, 21, 4418),
    (34, 26, 26, 17, 2285),
    (34, 26, 26, 18, 3548),
    (34, 26, 26, 19, 4959),
    (34, 26, 26, 20, 1186),
    (34, 26, 26, 21, 2416),
    (34, 26, 27, 17, 1248),
    (34, 26, 27, 18, 1629),
    (34, 26, 27, 19, 1155),
    (34, 26, 27, 20, 3530),
    (34, 26, 27, 21, 4593),
    (34, 26, 28, 17, 3909),
    (34, 26, 28, 18, 4427),
    (34, 26, 28, 19, 2410),
    (34, 26, 28, 20, 3923),
    (34, 26, 28, 21, 1834),
    (34, 26, 29, 17, 2687),
    (34, 26, 29, 18, 2782),
    (34, 26, 29, 19, 4148),
    (34, 26, 29, 20, 1501),
    (34, 26, 29, 21, 1192),
    (34, 26, 30, 17, 2204),
    (34, 26, 30, 18, 2416),
    (34, 26, 30, 19, 2407),
    (34, 26, 30, 20, 3320),
    (34, 26, 30, 21, 3646),
    (34, 26, 31, 17, 1489),
    (34, 26, 31, 18, 1898),
    (34, 26, 31, 19, 3867),
    (34, 26, 31, 20, 1103),
    (34, 26, 31, 21, 3564),
    (34, 26, 32, 17, 4998),
    (34, 26, 32, 18, 3233),
    (34, 26, 32, 19, 1017),
    (34, 26, 32, 20, 1483),
    (34, 26, 32, 21, 4197),
    (34, 26, 33, 17, 2114),
    (34, 26, 33, 18, 2555),
    (34, 26, 33, 19, 2367),
    (34, 26, 33, 20, 4979),
    (34, 26, 33, 21, 3782),
    (34, 27, 25, 17, 1894),
    (34, 27, 25, 18, 2328),
    (34, 27, 25, 19, 2167),
    (34, 27, 25, 20, 3995),
    (34, 27, 25, 21, 1219),
    (34, 27, 26, 17, 3519),
    (34, 27, 26, 18, 3755),
    (34, 27, 26, 19, 2950),
    (34, 27, 26, 20, 3610),
    (34, 27, 26, 21, 1157),
    (34, 27, 27, 17, 4147),
    (34, 27, 27, 18, 2914),
    (34, 27, 27, 19, 2591),
    (34, 27, 27, 20, 3420),
    (34, 27, 27, 21, 4302),
    (34, 27, 28, 17, 2857),
    (34, 27, 28, 18, 2719),
    (34, 27, 28, 19, 3233),
    (34, 27, 28, 20, 1613),
    (34, 27, 28, 21, 3095),
    (34, 27, 29, 17, 1613),
    (34, 27, 29, 18, 2878),
    (34, 27, 29, 19, 1839),
    (34, 27, 29, 20, 2370),
    (34, 27, 29, 21, 3726),
    (34, 27, 30, 17, 2733),
    (34, 27, 30, 18, 3296),
    (34, 27, 30, 19, 1816),
    (34, 27, 30, 20, 1950),
    (34, 27, 30, 21, 4646),
    (34, 27, 31, 17, 3435),
    (34, 27, 31, 18, 3444),
    (34, 27, 31, 19, 2118),
    (34, 27, 31, 20, 4946),
    (34, 27, 31, 21, 1551),
    (34, 27, 32, 17, 3642),
    (34, 27, 32, 18, 2110),
    (34, 27, 32, 19, 4707),
    (34, 27, 32, 20, 2064),
    (34, 27, 32, 21, 4817),
    (34, 27, 33, 17, 3838),
    (34, 27, 33, 18, 3177),
    (34, 27, 33, 19, 1759),
    (34, 27, 33, 20, 3182),
    (34, 27, 33, 21, 2280),
    (34, 28, 25, 17, 1229),
    (34, 28, 25, 18, 3030),
    (34, 28, 25, 19, 3227),
    (34, 28, 25, 20, 4157),
    (34, 28, 25, 21, 3595),
    (34, 28, 26, 17, 2707),
    (34, 28, 26, 18, 1817),
    (34, 28, 26, 19, 3614),
    (34, 28, 26, 20, 1759),
    (34, 28, 26, 21, 2186),
    (34, 28, 27, 17, 2133),
    (34, 28, 27, 18, 1227),
    (34, 28, 27, 19, 2590),
    (34, 28, 27, 20, 1567),
    (34, 28, 27, 21, 2243),
    (34, 28, 28, 17, 4623),
    (34, 28, 28, 18, 3993),
    (34, 28, 28, 19, 3500),
    (34, 28, 28, 20, 4749),
    (34, 28, 28, 21, 1463),
    (34, 28, 29, 17, 2101),
    (34, 28, 29, 18, 4703),
    (34, 28, 29, 19, 4554),
    (34, 28, 29, 20, 1943),
    (34, 28, 29, 21, 4196),
    (34, 28, 30, 17, 3217),
    (34, 28, 30, 18, 1210),
    (34, 28, 30, 19, 3272),
    (34, 28, 30, 20, 4027),
    (34, 28, 30, 21, 1217),
    (34, 28, 31, 17, 4779),
    (34, 28, 31, 18, 1666),
    (34, 28, 31, 19, 2431),
    (34, 28, 31, 20, 3130),
    (34, 28, 31, 21, 3438),
    (34, 28, 32, 17, 1910),
    (34, 28, 32, 18, 4272),
    (34, 28, 32, 19, 1440),
    (34, 28, 32, 20, 3323),
    (34, 28, 32, 21, 2198),
    (34, 28, 33, 17, 2876),
    (34, 28, 33, 18, 4374),
    (34, 28, 33, 19, 3953),
    (34, 28, 33, 20, 3018),
    (34, 28, 33, 21, 2533),
    (34, 29, 25, 17, 1393),
    (34, 29, 25, 18, 2332),
    (34, 29, 25, 19, 4092),
    (34, 29, 25, 20, 4109),
    (34, 29, 25, 21, 1741),
    (34, 29, 26, 17, 3915),
    (34, 29, 26, 18, 1358),
    (34, 29, 26, 19, 2684),
    (34, 29, 26, 20, 3448),
    (34, 29, 26, 21, 2098),
    (34, 29, 27, 17, 3837),
    (34, 29, 27, 18, 3718),
    (34, 29, 27, 19, 4149),
    (34, 29, 27, 20, 3844),
    (34, 29, 27, 21, 4898),
    (34, 29, 28, 17, 4290),
    (34, 29, 28, 18, 4432),
    (34, 29, 28, 19, 2112),
    (34, 29, 28, 20, 1500),
    (34, 29, 28, 21, 1195),
    (34, 29, 29, 17, 2807),
    (34, 29, 29, 18, 4466),
    (34, 29, 29, 19, 4684),
    (34, 29, 29, 20, 3949),
    (34, 29, 29, 21, 2112),
    (34, 29, 30, 17, 2738),
    (34, 29, 30, 18, 3016),
    (34, 29, 30, 19, 3267),
    (34, 29, 30, 20, 4750),
    (34, 29, 30, 21, 4447),
    (34, 29, 31, 17, 1703),
    (34, 29, 31, 18, 3623),
    (34, 29, 31, 19, 1651),
    (34, 29, 31, 20, 3535),
    (34, 29, 31, 21, 1320),
    (34, 29, 32, 17, 4427),
    (34, 29, 32, 18, 3032),
    (34, 29, 32, 19, 1546),
    (34, 29, 32, 20, 1638),
    (34, 29, 32, 21, 1299),
    (34, 29, 33, 17, 1411),
    (34, 29, 33, 18, 1254),
    (34, 29, 33, 19, 4957),
    (34, 29, 33, 20, 2783),
    (34, 29, 33, 21, 4764),
    (34, 30, 25, 17, 2645),
    (34, 30, 25, 18, 4343),
    (34, 30, 25, 19, 3926),
    (34, 30, 25, 20, 1131),
    (34, 30, 25, 21, 3788),
    (34, 30, 26, 17, 2899),
    (34, 30, 26, 18, 1384),
    (34, 30, 26, 19, 2809),
    (34, 30, 26, 20, 4618),
    (34, 30, 26, 21, 2286),
    (34, 30, 27, 17, 2100),
    (34, 30, 27, 18, 3949),
    (34, 30, 27, 19, 4829),
    (34, 30, 27, 20, 2669),
    (34, 30, 27, 21, 2974),
    (34, 30, 28, 17, 4817),
    (34, 30, 28, 18, 3108),
    (34, 30, 28, 19, 2039),
    (34, 30, 28, 20, 4540),
    (34, 30, 28, 21, 2006),
    (34, 30, 29, 17, 4818),
    (34, 30, 29, 18, 4228),
    (34, 30, 29, 19, 2867),
    (34, 30, 29, 20, 1144),
    (34, 30, 29, 21, 4082),
    (34, 30, 30, 17, 1853),
    (34, 30, 30, 18, 4723),
    (34, 30, 30, 19, 1606),
    (34, 30, 30, 20, 4740),
    (34, 30, 30, 21, 4555),
    (34, 30, 31, 17, 3157),
    (34, 30, 31, 18, 2898),
    (34, 30, 31, 19, 4558),
    (34, 30, 31, 20, 2474),
    (34, 30, 31, 21, 2292),
    (34, 30, 32, 17, 4102),
    (34, 30, 32, 18, 3555),
    (34, 30, 32, 19, 4162),
    (34, 30, 32, 20, 2744),
    (34, 30, 32, 21, 3876),
    (34, 30, 33, 17, 4174),
    (34, 30, 33, 18, 2500),
    (34, 30, 33, 19, 2984),
    (34, 30, 33, 20, 3755),
    (34, 30, 33, 21, 4719);